tool	family	sim_ind	corrected_fd_corr	uncorrected_fd_corr
MSA-1b-logitsprop-static-10-init-seq-0	PF00271	2	0.33835587775481174	0.3993076931032559
MSA-1b-logitsprop-static-10-init-seq-0	PF00271	4	0.26269677730185853	0.3275980904256747
MSA-1b-logitsprop-static-10-init-seq-0	PF00271	7	0.39972463135547465	0.4427830427051035
MSA-1b-logitsprop-static-10-init-seq-0	PF00271	5	0.3301346237159356	0.40025112255963924
MSA-1b-logitsprop-static-10-init-seq-0	PF00271	9	0.273401259674003	0.33046269087532093
MSA-1b-logitsprop-static-10-init-seq-0	PF00271	10	0.31841846461467876	0.3693857126674162
MSA-1b-logitsprop-static-10-init-seq-0	PF00271	1	0.17569267661031626	0.24506691743186024
MSA-1b-logitsprop-static-10-init-seq-0	PF00271	6	0.4024144331268999	0.4520000242105056
MSA-1b-logitsprop-static-10-init-seq-0	PF00271	3	0.32014773050165724	0.37773402909036424
MSA-1b-logitsprop-static-10-init-seq-0	PF00271	8	0.287270665180621	0.3548898501124656
MSA-1b-logitsprop-static-100-init-seq-0	PF00271	2	0.3826046465506008	0.45183375625876165
MSA-1b-logitsprop-static-100-init-seq-0	PF00271	4	0.3182975386612325	0.3682848431526316
MSA-1b-logitsprop-static-100-init-seq-0	PF00271	7	0.29691745314950485	0.3780283424134775
MSA-1b-logitsprop-static-100-init-seq-0	PF00271	5	0.2284453635160643	0.30780234448026494
MSA-1b-logitsprop-static-100-init-seq-0	PF00271	9	0.2400438288992711	0.2759320254763896
MSA-1b-logitsprop-static-100-init-seq-0	PF00271	10	0.36678248910610495	0.4066238821187235
MSA-1b-logitsprop-static-100-init-seq-0	PF00271	1	0.31988590736265365	0.3739365323267856
MSA-1b-logitsprop-static-100-init-seq-0	PF00271	6	0.37400126456071775	0.4170702225555152
MSA-1b-logitsprop-static-100-init-seq-0	PF00271	3	0.39560877558057933	0.47250483673060384
MSA-1b-logitsprop-static-100-init-seq-0	PF00271	8	0.4752301557277384	0.5330824951032656
MSA-1b-logitsprop-dynamic-random-10-init-seq-0	PF00271	2	0.48522949693693807	0.5451920197747568
MSA-1b-logitsprop-dynamic-random-10-init-seq-0	PF00271	4	0.599914956626699	0.6495680816981588
MSA-1b-logitsprop-dynamic-random-10-init-seq-0	PF00271	7	0.5275758165763458	0.5895314390777341
MSA-1b-logitsprop-dynamic-random-10-init-seq-0	PF00271	5	0.5548293446185926	0.6079100749379919
MSA-1b-logitsprop-dynamic-random-10-init-seq-0	PF00271	9	0.4979367618028651	0.5672576802256419
MSA-1b-logitsprop-dynamic-random-10-init-seq-0	PF00271	10	0.5057833710674446	0.5610075869911247
MSA-1b-logitsprop-dynamic-random-10-init-seq-0	PF00271	1	0.549292170716555	0.6042617601997442
MSA-1b-logitsprop-dynamic-random-10-init-seq-0	PF00271	6	0.558233481255425	0.5987948360339337
MSA-1b-logitsprop-dynamic-random-10-init-seq-0	PF00271	3	0.4920707781736679	0.5547693602973984
MSA-1b-logitsprop-dynamic-random-10-init-seq-0	PF00271	8	0.510219456679414	0.5559302751732996
MSA-1b-logitsprop-dynamic-random-100-init-seq-0	PF00271	2	0.5648388611425804	0.6466160270191551
MSA-1b-logitsprop-dynamic-random-100-init-seq-0	PF00271	4	0.5888107601266699	0.6504102195660186
MSA-1b-logitsprop-dynamic-random-100-init-seq-0	PF00271	7	0.61796457978415	0.6573810362095032
MSA-1b-logitsprop-dynamic-random-100-init-seq-0	PF00271	5	0.6029611885247685	0.6625515164721438
MSA-1b-logitsprop-dynamic-random-100-init-seq-0	PF00271	9	0.4732606218022882	0.5708836297359209
MSA-1b-logitsprop-dynamic-random-100-init-seq-0	PF00271	10	0.5948788217291694	0.6472283754545741
MSA-1b-logitsprop-dynamic-random-100-init-seq-0	PF00271	1	0.6196243031462575	0.6787427139457269
MSA-1b-logitsprop-dynamic-random-100-init-seq-0	PF00271	6	0.5860723276405585	0.6474480879096747
MSA-1b-logitsprop-dynamic-random-100-init-seq-0	PF00271	3	0.5676874291669126	0.629444601727229
MSA-1b-logitsprop-dynamic-random-100-init-seq-0	PF00271	8	0.5634475625024796	0.6305769093197816
MSA-1b-logitsprop-static-10-init-seq-0	PF00005	5	0.23034774627070242	0.24055495324852638
MSA-1b-logitsprop-static-10-init-seq-0	PF00005	4	0.1445687721610221	0.16348550354305313
MSA-1b-logitsprop-static-10-init-seq-0	PF00005	9	0.19655761933171725	0.229044592714522
MSA-1b-logitsprop-static-10-init-seq-0	PF00005	3	0.20182731943480625	0.21743199061162477
MSA-1b-logitsprop-static-10-init-seq-0	PF00005	1	0.1375659625949978	0.14650562575027615
MSA-1b-logitsprop-static-10-init-seq-0	PF00005	7	0.2014070096183154	0.21651621579525493
MSA-1b-logitsprop-static-10-init-seq-0	PF00005	6	0.07931851223293115	0.09310155352737895
MSA-1b-logitsprop-static-10-init-seq-0	PF00005	8	0.13328269967401096	0.14800596320012452
MSA-1b-logitsprop-static-10-init-seq-0	PF00005	2	0.005138261992629433	0.03418982739608646
MSA-1b-logitsprop-static-10-init-seq-0	PF00005	10	0.2334739583649253	0.24891973885786378
MSA-1b-logitsprop-static-100-init-seq-0	PF00005	5	0.19622664695706526	0.20789336342192177
MSA-1b-logitsprop-static-100-init-seq-0	PF00005	4	0.29440562754647015	0.29241467826751627
MSA-1b-logitsprop-static-100-init-seq-0	PF00005	9	0.33841356217996765	0.34413303465169653
MSA-1b-logitsprop-static-100-init-seq-0	PF00005	3	0.16372258335731293	0.17907413862192118
MSA-1b-logitsprop-static-100-init-seq-0	PF00005	1	0.10190136033507687	0.11417199036367434
MSA-1b-logitsprop-static-100-init-seq-0	PF00005	7	0.23896709681492925	0.2505386904061281
MSA-1b-logitsprop-static-100-init-seq-0	PF00005	6	0.10479359346864754	0.09343694366014274
MSA-1b-logitsprop-static-100-init-seq-0	PF00005	8	0.055206109694571584	0.07662428003414987
MSA-1b-logitsprop-static-100-init-seq-0	PF00005	2	0.08799441365604341	0.10280646865405657
MSA-1b-logitsprop-static-100-init-seq-0	PF00005	10	0.18947123274304395	0.19980963721007583
MSA-1b-logitsprop-dynamic-random-10-init-seq-0	PF00005	5	0.08110093059953385	0.09842028323666516
MSA-1b-logitsprop-dynamic-random-10-init-seq-0	PF00005	4	0.17757823472042106	0.18956409646878472
MSA-1b-logitsprop-dynamic-random-10-init-seq-0	PF00005	9	0.20320312739493893	0.2148737563644662
MSA-1b-logitsprop-dynamic-random-10-init-seq-0	PF00005	3	0.33707083031450297	0.3446123120739156
MSA-1b-logitsprop-dynamic-random-10-init-seq-0	PF00005	1	0.2880244339378528	0.294889468953871
MSA-1b-logitsprop-dynamic-random-10-init-seq-0	PF00005	7	0.13257573318232063	0.15066253116349904
MSA-1b-logitsprop-dynamic-random-10-init-seq-0	PF00005	6	-0.0037747722829889127	0.012667124886952154
MSA-1b-logitsprop-dynamic-random-10-init-seq-0	PF00005	8	0.2054365775241028	0.2223687827674255
MSA-1b-logitsprop-dynamic-random-10-init-seq-0	PF00005	2	0.06419015559918494	0.08723853529873718
MSA-1b-logitsprop-dynamic-random-10-init-seq-0	PF00005	10	0.03591351552474465	0.05489517353710649
MSA-1b-logitsprop-dynamic-random-100-init-seq-0	PF00005	5	0.19622664695706526	0.20789336342192177
MSA-1b-logitsprop-dynamic-random-100-init-seq-0	PF00005	4	0.29440562754647015	0.29241467826751627
MSA-1b-logitsprop-dynamic-random-100-init-seq-0	PF00005	9	0.33841356217996765	0.34413303465169653
MSA-1b-logitsprop-dynamic-random-100-init-seq-0	PF00005	3	0.16372258335731293	0.17907413862192118
MSA-1b-logitsprop-dynamic-random-100-init-seq-0	PF00005	1	0.10190136033507687	0.11417199036367434
MSA-1b-logitsprop-dynamic-random-100-init-seq-0	PF00005	7	0.23896709681492925	0.2505386904061281
MSA-1b-logitsprop-dynamic-random-100-init-seq-0	PF00005	6	0.10479359346864754	0.09343694366014274
MSA-1b-logitsprop-dynamic-random-100-init-seq-0	PF00005	8	0.055206109694571584	0.07662428003414987
MSA-1b-logitsprop-dynamic-random-100-init-seq-0	PF00005	2	0.08799441365604341	0.10280646865405657
MSA-1b-logitsprop-dynamic-random-100-init-seq-0	PF00005	10	0.18947123274304395	0.19980963721007583
MSA-1b-logitsprop-static-10-init-seq-0	PF00004	2	0.6739873858836863	0.747857124813058
MSA-1b-logitsprop-static-10-init-seq-0	PF00004	5	0.5180688018646362	0.6107140592518426
MSA-1b-logitsprop-static-10-init-seq-0	PF00004	9	0.4686546145702549	0.5746655087067764
MSA-1b-logitsprop-static-10-init-seq-0	PF00004	8	0.5197070692727667	0.6292685430670911
MSA-1b-logitsprop-static-10-init-seq-0	PF00004	1	0.5789576435156653	0.6637585817881684
MSA-1b-logitsprop-static-10-init-seq-0	PF00004	7	0.5868151441479869	0.6743181487131633
MSA-1b-logitsprop-static-10-init-seq-0	PF00004	6	0.6842327238605175	0.7583093466647989
MSA-1b-logitsprop-static-10-init-seq-0	PF00004	10	0.6180161290536702	0.705301693839713
MSA-1b-logitsprop-static-10-init-seq-0	PF00004	4	0.5217058372265144	0.6242554528603543
MSA-1b-logitsprop-static-10-init-seq-0	PF00004	3	0.5664806347920635	0.6683900475158043
MSA-1b-logitsprop-static-100-init-seq-0	PF00004	2	0.5951338779891907	0.6522753770330596
MSA-1b-logitsprop-static-100-init-seq-0	PF00004	5	0.7002632496304306	0.7497301340715037
MSA-1b-logitsprop-static-100-init-seq-0	PF00004	9	0.5107450480753455	0.6118306683194094
MSA-1b-logitsprop-static-100-init-seq-0	PF00004	8	0.5038980458232407	0.5923683632749724
MSA-1b-logitsprop-static-100-init-seq-0	PF00004	1	0.6693831573917125	0.7189540456238757
MSA-1b-logitsprop-static-100-init-seq-0	PF00004	7	0.5725169212746609	0.6585089660447316
MSA-1b-logitsprop-static-100-init-seq-0	PF00004	6	0.6442353083785732	0.7005196175669501
MSA-1b-logitsprop-static-100-init-seq-0	PF00004	10	0.6412094278070548	0.7129899197174223
MSA-1b-logitsprop-static-100-init-seq-0	PF00004	4	0.6687796405181372	0.7415644954247083
MSA-1b-logitsprop-static-100-init-seq-0	PF00004	3	0.6342377093736181	0.7005285021760912
MSA-1b-logitsprop-dynamic-random-10-init-seq-0	PF00004	2	0.673750978196393	0.7679502096198519
MSA-1b-logitsprop-dynamic-random-10-init-seq-0	PF00004	5	0.6480200065840555	0.7382413754361761
MSA-1b-logitsprop-dynamic-random-10-init-seq-0	PF00004	9	0.5842699491876949	0.6849851793384271
MSA-1b-logitsprop-dynamic-random-10-init-seq-0	PF00004	8	0.6116019385378114	0.7101151014710443
MSA-1b-logitsprop-dynamic-random-10-init-seq-0	PF00004	1	0.6671290197422024	0.7553544048345704
MSA-1b-logitsprop-dynamic-random-10-init-seq-0	PF00004	7	0.5459950478912532	0.6624512348083277
MSA-1b-logitsprop-dynamic-random-10-init-seq-0	PF00004	6	0.7326946168103774	0.8102792643537886
MSA-1b-logitsprop-dynamic-random-10-init-seq-0	PF00004	10	0.61150112463449	0.7091297773333249
MSA-1b-logitsprop-dynamic-random-10-init-seq-0	PF00004	4	0.7056983918169264	0.7826638659074269
MSA-1b-logitsprop-dynamic-random-10-init-seq-0	PF00004	3	0.5904236179598171	0.6916306350480257
MSA-1b-logitsprop-dynamic-random-100-init-seq-0	PF00004	2	0.6179009066600682	0.7079145727411382
MSA-1b-logitsprop-dynamic-random-100-init-seq-0	PF00004	5	0.5543714684751072	0.6526583882087682
MSA-1b-logitsprop-dynamic-random-100-init-seq-0	PF00004	9	0.5234888063154867	0.6360547978243001
MSA-1b-logitsprop-dynamic-random-100-init-seq-0	PF00004	8	0.5328495276680286	0.6393733297396968
MSA-1b-logitsprop-dynamic-random-100-init-seq-0	PF00004	1	0.642227668830748	0.7203168996284887
MSA-1b-logitsprop-dynamic-random-100-init-seq-0	PF00004	7	0.5881755843250509	0.6748586677532439
MSA-1b-logitsprop-dynamic-random-100-init-seq-0	PF00004	6	0.43826590378815844	0.5742767528751638
MSA-1b-logitsprop-dynamic-random-100-init-seq-0	PF00004	10	0.5566895850673965	0.6486943942783634
MSA-1b-logitsprop-dynamic-random-100-init-seq-0	PF00004	4	0.5829065489465286	0.6724309650316357
MSA-1b-logitsprop-dynamic-random-100-init-seq-0	PF00004	3	0.6395287754591686	0.7164523061139846
MSA-1b-logitsprop-static-10-init-seq-0	PF01535	2	0.0638494859869213	0.08239554317079914
MSA-1b-logitsprop-static-10-init-seq-0	PF01535	3	0.09175818051024939	0.11925597056519875
MSA-1b-logitsprop-static-10-init-seq-0	PF01535	5	0.06339172343544842	0.08007286410815308
MSA-1b-logitsprop-static-10-init-seq-0	PF01535	4	0.10831364669855534	0.12958590109463608
MSA-1b-logitsprop-static-10-init-seq-0	PF01535	8	0.03417375444291882	0.05163469031617335
MSA-1b-logitsprop-static-10-init-seq-0	PF01535	6	0.018361884299829278	0.0333788348699467
MSA-1b-logitsprop-static-10-init-seq-0	PF01535	7	0.06096120843908102	0.08026978475827178
MSA-1b-logitsprop-static-10-init-seq-0	PF01535	1	0.09006754101150194	0.10780481068120619
MSA-1b-logitsprop-static-10-init-seq-0	PF01535	10	0.1162336392652158	0.13629379618900905
MSA-1b-logitsprop-static-10-init-seq-0	PF01535	9	0.10311470406918835	0.12242683650517042
MSA-1b-logitsprop-static-100-init-seq-0	PF01535	2	0.08241903726234083	0.10447825559351562
MSA-1b-logitsprop-static-100-init-seq-0	PF01535	3	0.08793909833566943	0.10706587243301154
MSA-1b-logitsprop-static-100-init-seq-0	PF01535	5	0.13904579163063072	0.16100883605433192
MSA-1b-logitsprop-static-100-init-seq-0	PF01535	4	0.11482334687838336	0.13553345490342047
MSA-1b-logitsprop-static-100-init-seq-0	PF01535	8	0.0756507705039778	0.09348545288686234
MSA-1b-logitsprop-static-100-init-seq-0	PF01535	6	0.11673449555823812	0.1434180224417048
MSA-1b-logitsprop-static-100-init-seq-0	PF01535	7	0.06936607721612305	0.09193742888741
MSA-1b-logitsprop-static-100-init-seq-0	PF01535	1	0.09544692706177314	0.11743273127728816
MSA-1b-logitsprop-static-100-init-seq-0	PF01535	10	0.10252567022120063	0.12971040007510834
MSA-1b-logitsprop-static-100-init-seq-0	PF01535	9	0.1188320847932016	0.14243357505010873
MSA-1b-logitsprop-dynamic-random-10-init-seq-0	PF01535	2	0.15682408581345128	0.1739709870259207
MSA-1b-logitsprop-dynamic-random-10-init-seq-0	PF01535	3	0.15677292124993317	0.178149894836587
MSA-1b-logitsprop-dynamic-random-10-init-seq-0	PF01535	5	0.14127110063502737	0.1597426888532972
MSA-1b-logitsprop-dynamic-random-10-init-seq-0	PF01535	4	0.16354300188616325	0.18617995564461193
MSA-1b-logitsprop-dynamic-random-10-init-seq-0	PF01535	8	0.11436784863228211	0.13649145145682767
MSA-1b-logitsprop-dynamic-random-10-init-seq-0	PF01535	6	0.05952327020161348	0.07856587919220963
MSA-1b-logitsprop-dynamic-random-10-init-seq-0	PF01535	7	0.1501665211768821	0.16944118774873662
MSA-1b-logitsprop-dynamic-random-10-init-seq-0	PF01535	1	0.11127001722218668	0.12699086812978672
MSA-1b-logitsprop-dynamic-random-10-init-seq-0	PF01535	10	0.17384639700050153	0.19339658591596806
MSA-1b-logitsprop-dynamic-random-10-init-seq-0	PF01535	9	0.16767173935822438	0.18799107154602748
MSA-1b-logitsprop-dynamic-random-100-init-seq-0	PF01535	2	0.1701135830284223	0.18805641971790846
MSA-1b-logitsprop-dynamic-random-100-init-seq-0	PF01535	3	0.15352343457337364	0.1667754964438436
MSA-1b-logitsprop-dynamic-random-100-init-seq-0	PF01535	5	0.12970289520205897	0.15492190965531408
MSA-1b-logitsprop-dynamic-random-100-init-seq-0	PF01535	4	0.10828224702693665	0.133610371824262
MSA-1b-logitsprop-dynamic-random-100-init-seq-0	PF01535	8	0.06521918304509983	0.08243003608809817
MSA-1b-logitsprop-dynamic-random-100-init-seq-0	PF01535	6	0.11461846357314653	0.1392866079445704
MSA-1b-logitsprop-dynamic-random-100-init-seq-0	PF01535	7	0.06483596226158003	0.07816782807661521
MSA-1b-logitsprop-dynamic-random-100-init-seq-0	PF01535	1	0.13839043332132064	0.1612886973720447
MSA-1b-logitsprop-dynamic-random-100-init-seq-0	PF01535	10	0.16038165343777536	0.1805676330882953
MSA-1b-logitsprop-dynamic-random-100-init-seq-0	PF01535	9	0.17220579840409148	0.20097862194713081
MSA-1b-logitsprop-static-10-init-seq-0	PF13354	2	0.6811138812078061	0.8026870243902201
MSA-1b-logitsprop-static-10-init-seq-0	PF13354	10	0.7480450509842649	0.8428400590784612
MSA-1b-logitsprop-static-10-init-seq-0	PF13354	8	0.6523761856570006	0.7895894137648383
MSA-1b-logitsprop-static-10-init-seq-0	PF13354	4	0.6651148376403048	0.7943928669747269
MSA-1b-logitsprop-static-10-init-seq-0	PF13354	3	0.653995219421091	0.7880929871555442
MSA-1b-logitsprop-static-10-init-seq-0	PF13354	9	0.7086872074425217	0.8205906849294053
MSA-1b-logitsprop-static-10-init-seq-0	PF13354	7	0.6531588405049649	0.7942012331474682
MSA-1b-logitsprop-static-10-init-seq-0	PF13354	5	0.6485204014720098	0.7853874389876749
MSA-1b-logitsprop-static-10-init-seq-0	PF13354	6	0.561467019141803	0.7327459571320638
MSA-1b-logitsprop-static-10-init-seq-0	PF13354	1	0.540125052650081	0.7180923597878097
MSA-1b-logitsprop-static-100-init-seq-0	PF13354	2	0.6439110086321034	0.783724412695675
MSA-1b-logitsprop-static-100-init-seq-0	PF13354	10	0.5909608194995399	0.7524710860326296
MSA-1b-logitsprop-static-100-init-seq-0	PF13354	8	0.5697381237429366	0.7415649892182749
MSA-1b-logitsprop-static-100-init-seq-0	PF13354	4	0.6090454737827979	0.7660964240777384
MSA-1b-logitsprop-static-100-init-seq-0	PF13354	3	0.6851184695318723	0.8030802661272238
MSA-1b-logitsprop-static-100-init-seq-0	PF13354	9	0.6903910016517862	0.8097935597382879
MSA-1b-logitsprop-static-100-init-seq-0	PF13354	7	0.663266122003902	0.7915333225228796
MSA-1b-logitsprop-static-100-init-seq-0	PF13354	5	0.6388874165236471	0.7785423827375935
MSA-1b-logitsprop-static-100-init-seq-0	PF13354	6	0.5760470543739897	0.7375326384558918
MSA-1b-logitsprop-static-100-init-seq-0	PF13354	1	0.5641537493182693	0.7373171646854247
MSA-1b-logitsprop-dynamic-random-10-init-seq-0	PF13354	2	0.6926323169223464	0.8122249326769321
MSA-1b-logitsprop-dynamic-random-10-init-seq-0	PF13354	10	0.6585870662415503	0.7871000940327668
MSA-1b-logitsprop-dynamic-random-10-init-seq-0	PF13354	8	0.5855164082294583	0.7543081103641878
MSA-1b-logitsprop-dynamic-random-10-init-seq-0	PF13354	4	0.6178093899755799	0.7774481846088174
MSA-1b-logitsprop-dynamic-random-10-init-seq-0	PF13354	3	0.5749344409656705	0.7516980991422225
MSA-1b-logitsprop-dynamic-random-10-init-seq-0	PF13354	9	0.6105763780111348	0.7561724391432686
MSA-1b-logitsprop-dynamic-random-10-init-seq-0	PF13354	7	0.6802870961024277	0.8092271263083278
MSA-1b-logitsprop-dynamic-random-10-init-seq-0	PF13354	5	0.5617900005947798	0.7332369697499409
MSA-1b-logitsprop-dynamic-random-10-init-seq-0	PF13354	6	0.5979385110408695	0.7497450038891229
MSA-1b-logitsprop-dynamic-random-10-init-seq-0	PF13354	1	0.49879069102482876	0.688345391657692
MSA-1b-logitsprop-dynamic-random-100-init-seq-0	PF13354	2	0.6439110086321034	0.783724412695675
MSA-1b-logitsprop-dynamic-random-100-init-seq-0	PF13354	10	0.5909608194995399	0.7524710860326296
MSA-1b-logitsprop-dynamic-random-100-init-seq-0	PF13354	8	0.5697381237429366	0.7415649892182749
MSA-1b-logitsprop-dynamic-random-100-init-seq-0	PF13354	4	0.6090454737827979	0.7660964240777384
MSA-1b-logitsprop-dynamic-random-100-init-seq-0	PF13354	3	0.6851184695318723	0.8030802661272238
MSA-1b-logitsprop-dynamic-random-100-init-seq-0	PF13354	9	0.6903910016517862	0.8097935597382879
MSA-1b-logitsprop-dynamic-random-100-init-seq-0	PF13354	7	0.663266122003902	0.7915333225228796
MSA-1b-logitsprop-dynamic-random-100-init-seq-0	PF13354	5	0.6388874165236471	0.7785423827375935
MSA-1b-logitsprop-dynamic-random-100-init-seq-0	PF13354	6	0.5760470543739897	0.7375326384558918
MSA-1b-logitsprop-dynamic-random-100-init-seq-0	PF13354	1	0.5641537493182693	0.7373171646854247
MSA-1b-logitsprop-static-10-init-seq-0	PF00595	3	0.25506075386736715	0.411069723010296
MSA-1b-logitsprop-static-10-init-seq-0	PF00595	4	0.18591180096215676	0.36116663502644253
MSA-1b-logitsprop-static-10-init-seq-0	PF00595	9	0.30378794726837566	0.42260419509795644
MSA-1b-logitsprop-static-10-init-seq-0	PF00595	10	0.3204698500572044	0.43973615701836755
MSA-1b-logitsprop-static-10-init-seq-0	PF00595	2	0.16967919009767957	0.29351476657302256
MSA-1b-logitsprop-static-10-init-seq-0	PF00595	5	0.12248281956308649	0.24449284215901043
MSA-1b-logitsprop-static-10-init-seq-0	PF00595	1	0.5002849439202799	0.5997356955406369
MSA-1b-logitsprop-static-10-init-seq-0	PF00595	8	0.19103842135612403	0.34323991762172035
MSA-1b-logitsprop-static-10-init-seq-0	PF00595	7	0.46824412773011737	0.598480908766827
MSA-1b-logitsprop-static-10-init-seq-0	PF00595	6	0.4652585461321362	0.5021697794622788
MSA-1b-logitsprop-static-100-init-seq-0	PF00595	3	0.15845432037172624	0.2811354188419112
MSA-1b-logitsprop-static-100-init-seq-0	PF00595	4	0.3867257011689007	0.461493464353545
MSA-1b-logitsprop-static-100-init-seq-0	PF00595	9	0.19905406021050923	0.3203258948965817
MSA-1b-logitsprop-static-100-init-seq-0	PF00595	10	0.049298477223176915	0.14345043475090963
MSA-1b-logitsprop-static-100-init-seq-0	PF00595	2	0.12778639406817557	0.2576592372315896
MSA-1b-logitsprop-static-100-init-seq-0	PF00595	5	-0.1291203304167622	-0.012411056121977543
MSA-1b-logitsprop-static-100-init-seq-0	PF00595	1	0.33329542690459013	0.38959360168613205
MSA-1b-logitsprop-static-100-init-seq-0	PF00595	8	0.19638707067219588	0.26331183180677875
MSA-1b-logitsprop-static-100-init-seq-0	PF00595	7	0.353818801958271	0.48201032195202187
MSA-1b-logitsprop-static-100-init-seq-0	PF00595	6	0.33429160234556315	0.39987247040646035
MSA-1b-logitsprop-dynamic-random-10-init-seq-0	PF00595	3	0.5935974477414417	0.7470493728709048
MSA-1b-logitsprop-dynamic-random-10-init-seq-0	PF00595	4	0.6105240128056124	0.7597273648844975
MSA-1b-logitsprop-dynamic-random-10-init-seq-0	PF00595	9	0.6256383441962994	0.7633459936683409
MSA-1b-logitsprop-dynamic-random-10-init-seq-0	PF00595	10	0.5428579044409789	0.7233657046065376
MSA-1b-logitsprop-dynamic-random-10-init-seq-0	PF00595	2	0.5200298954087039	0.692532191793368
MSA-1b-logitsprop-dynamic-random-10-init-seq-0	PF00595	5	0.5605713563265105	0.7202741498149405
MSA-1b-logitsprop-dynamic-random-10-init-seq-0	PF00595	1	0.6194959872053887	0.7609171876853844
MSA-1b-logitsprop-dynamic-random-10-init-seq-0	PF00595	8	0.5845376170864741	0.7359385286655117
MSA-1b-logitsprop-dynamic-random-10-init-seq-0	PF00595	7	0.5741613222002662	0.732193310183082
MSA-1b-logitsprop-dynamic-random-10-init-seq-0	PF00595	6	0.6201870167957995	0.7586583700521703
MSA-1b-logitsprop-dynamic-random-100-init-seq-0	PF00595	3	0.15845432037172624	0.2811354188419112
MSA-1b-logitsprop-dynamic-random-100-init-seq-0	PF00595	4	0.3867257011689007	0.461493464353545
MSA-1b-logitsprop-dynamic-random-100-init-seq-0	PF00595	9	0.19905406021050923	0.3203258948965817
MSA-1b-logitsprop-dynamic-random-100-init-seq-0	PF00595	10	0.049298477223176915	0.14345043475090963
MSA-1b-logitsprop-dynamic-random-100-init-seq-0	PF00595	2	0.12778639406817557	0.2576592372315896
MSA-1b-logitsprop-dynamic-random-100-init-seq-0	PF00595	5	-0.1291203304167622	-0.012411056121977543
MSA-1b-logitsprop-dynamic-random-100-init-seq-0	PF00595	1	0.33329542690459013	0.38959360168613205
MSA-1b-logitsprop-dynamic-random-100-init-seq-0	PF00595	8	0.19638707067219588	0.26331183180677875
MSA-1b-logitsprop-dynamic-random-100-init-seq-0	PF00595	7	0.353818801958271	0.48201032195202187
MSA-1b-logitsprop-dynamic-random-100-init-seq-0	PF00595	6	0.33429160234556315	0.39987247040646035
MSA-1b-logitsprop-static-10-init-seq-0	PF00397	5	0.12098726590671541	0.1581967794959369
MSA-1b-logitsprop-static-10-init-seq-0	PF00397	2	0.19585664966720867	0.2318149154496442
MSA-1b-logitsprop-static-10-init-seq-0	PF00397	6	0.17565472623209755	0.21110294221708048
MSA-1b-logitsprop-static-10-init-seq-0	PF00397	4	0.15475695561505604	0.1950343498801265
MSA-1b-logitsprop-static-10-init-seq-0	PF00397	8	0.19644477600823668	0.22700475575613943
MSA-1b-logitsprop-static-10-init-seq-0	PF00397	9	0.14250255545738832	0.19412255526785294
MSA-1b-logitsprop-static-10-init-seq-0	PF00397	7	0.12984957594967245	0.17066674944080884
MSA-1b-logitsprop-static-10-init-seq-0	PF00397	1	0.12670115079008556	0.16933211066121484
MSA-1b-logitsprop-static-10-init-seq-0	PF00397	10	0.11810514410151816	0.1629179250989518
MSA-1b-logitsprop-static-10-init-seq-0	PF00397	3	0.14037955868898883	0.17550671802783394
MSA-1b-logitsprop-static-100-init-seq-0	PF00397	5	0.19178626943549587	0.23418617830225533
MSA-1b-logitsprop-static-100-init-seq-0	PF00397	2	0.19038998697805604	0.23232622925837992
MSA-1b-logitsprop-static-100-init-seq-0	PF00397	6	0.19642361504150446	0.23763618495302014
MSA-1b-logitsprop-static-100-init-seq-0	PF00397	4	0.1863993796906744	0.22388942316686095
MSA-1b-logitsprop-static-100-init-seq-0	PF00397	8	0.1673358662837103	0.2067304323039047
MSA-1b-logitsprop-static-100-init-seq-0	PF00397	9	0.19422579095193038	0.23827979784541453
MSA-1b-logitsprop-static-100-init-seq-0	PF00397	7	0.17342951995678516	0.22193197085083374
MSA-1b-logitsprop-static-100-init-seq-0	PF00397	1	0.1778219693150437	0.23015843634039596
MSA-1b-logitsprop-static-100-init-seq-0	PF00397	10	0.16674244858779613	0.21285290233124188
MSA-1b-logitsprop-static-100-init-seq-0	PF00397	3	0.14057612275300607	0.18940558123658757
MSA-1b-logitsprop-dynamic-random-10-init-seq-0	PF00397	5	0.23657668158218348	0.2924664216041199
MSA-1b-logitsprop-dynamic-random-10-init-seq-0	PF00397	2	0.25320373461949697	0.303518927856899
MSA-1b-logitsprop-dynamic-random-10-init-seq-0	PF00397	6	0.22578709965716873	0.2766494868047553
MSA-1b-logitsprop-dynamic-random-10-init-seq-0	PF00397	4	0.25958443385859686	0.3141623100461407
MSA-1b-logitsprop-dynamic-random-10-init-seq-0	PF00397	8	0.24516656872127174	0.29449594643866284
MSA-1b-logitsprop-dynamic-random-10-init-seq-0	PF00397	9	0.30189980283474566	0.3389179645639559
MSA-1b-logitsprop-dynamic-random-10-init-seq-0	PF00397	7	0.2205860968088787	0.27612987566690583
MSA-1b-logitsprop-dynamic-random-10-init-seq-0	PF00397	1	0.2620735783729803	0.3114479833428412
MSA-1b-logitsprop-dynamic-random-10-init-seq-0	PF00397	10	0.2871224466238642	0.3384568724984728
MSA-1b-logitsprop-dynamic-random-10-init-seq-0	PF00397	3	0.23345795361284394	0.2952736417990253
MSA-1b-logitsprop-dynamic-random-100-init-seq-0	PF00397	5	0.18195875728229835	0.23385748944001622
MSA-1b-logitsprop-dynamic-random-100-init-seq-0	PF00397	2	0.19457730280322533	0.23117444904489184
MSA-1b-logitsprop-dynamic-random-100-init-seq-0	PF00397	6	0.17617794572750578	0.21822320870121326
MSA-1b-logitsprop-dynamic-random-100-init-seq-0	PF00397	4	0.15501762759674342	0.19912046145979387
MSA-1b-logitsprop-dynamic-random-100-init-seq-0	PF00397	8	0.18887852616115963	0.23591757050066398
MSA-1b-logitsprop-dynamic-random-100-init-seq-0	PF00397	9	0.16726852428069455	0.2047332793267687
MSA-1b-logitsprop-dynamic-random-100-init-seq-0	PF00397	7	0.212440734897192	0.24741779273575504
MSA-1b-logitsprop-dynamic-random-100-init-seq-0	PF00397	1	0.11095681848982608	0.15105159770296772
MSA-1b-logitsprop-dynamic-random-100-init-seq-0	PF00397	10	0.1984260498247502	0.24387751013837658
MSA-1b-logitsprop-dynamic-random-100-init-seq-0	PF00397	3	0.20215258029844102	0.24478802504251787
MSA-1b-logitsprop-static-10-init-seq-0	PF00153	8	0.374725480982109	0.5022760127070837
MSA-1b-logitsprop-static-10-init-seq-0	PF00153	3	0.3699882404344071	0.49877158088514784
MSA-1b-logitsprop-static-10-init-seq-0	PF00153	2	0.33091069471736717	0.46538718504527127
MSA-1b-logitsprop-static-10-init-seq-0	PF00153	6	0.32095112966024186	0.4570762914987656
MSA-1b-logitsprop-static-10-init-seq-0	PF00153	5	0.3870753976787447	0.524289854953437
MSA-1b-logitsprop-static-10-init-seq-0	PF00153	1	0.34353112686655957	0.47098629405790116
MSA-1b-logitsprop-static-10-init-seq-0	PF00153	9	0.3300653742089896	0.475984051077262
MSA-1b-logitsprop-static-10-init-seq-0	PF00153	7	0.314559489193035	0.4670828974536102
MSA-1b-logitsprop-static-10-init-seq-0	PF00153	10	0.3375534909146562	0.47433518649197715
MSA-1b-logitsprop-static-10-init-seq-0	PF00153	4	0.3890137208211936	0.5197091376465572
MSA-1b-logitsprop-static-100-init-seq-0	PF00153	8	0.28222576788411824	0.4018256463333442
MSA-1b-logitsprop-static-100-init-seq-0	PF00153	3	0.29138849916478254	0.4205232978373812
MSA-1b-logitsprop-static-100-init-seq-0	PF00153	2	0.3533562942700712	0.4586789956834442
MSA-1b-logitsprop-static-100-init-seq-0	PF00153	6	0.3147092490499338	0.4308588110343677
MSA-1b-logitsprop-static-100-init-seq-0	PF00153	5	0.31659071971655245	0.4198558956992692
MSA-1b-logitsprop-static-100-init-seq-0	PF00153	1	0.3079989206434608	0.41261683191110277
MSA-1b-logitsprop-static-100-init-seq-0	PF00153	9	0.3410195921803623	0.46009802817411605
MSA-1b-logitsprop-static-100-init-seq-0	PF00153	7	0.35162894018477076	0.45880454466193205
MSA-1b-logitsprop-static-100-init-seq-0	PF00153	10	0.2901928401710261	0.39798009471212537
MSA-1b-logitsprop-static-100-init-seq-0	PF00153	4	0.33212564104721964	0.4496155817033283
MSA-1b-logitsprop-dynamic-random-10-init-seq-0	PF00153	8	0.3763928108206969	0.5196521955991535
MSA-1b-logitsprop-dynamic-random-10-init-seq-0	PF00153	3	0.38916342149860994	0.5529414271852975
MSA-1b-logitsprop-dynamic-random-10-init-seq-0	PF00153	2	0.3841068979770006	0.5275157174193084
MSA-1b-logitsprop-dynamic-random-10-init-seq-0	PF00153	6	0.35351246595578134	0.49491704051595414
MSA-1b-logitsprop-dynamic-random-10-init-seq-0	PF00153	5	0.4179704670678182	0.5588763603399606
MSA-1b-logitsprop-dynamic-random-10-init-seq-0	PF00153	1	0.3557790274055366	0.4974469663408089
MSA-1b-logitsprop-dynamic-random-10-init-seq-0	PF00153	9	0.35765730412577107	0.5021692118585764
MSA-1b-logitsprop-dynamic-random-10-init-seq-0	PF00153	7	0.3792160268968517	0.5295657532740898
MSA-1b-logitsprop-dynamic-random-10-init-seq-0	PF00153	10	0.3727683575121134	0.5197064377056241
MSA-1b-logitsprop-dynamic-random-10-init-seq-0	PF00153	4	0.34536671474818165	0.5013451199550507
MSA-1b-logitsprop-dynamic-random-100-init-seq-0	PF00153	8	0.28222576788411824	0.4018256463333442
MSA-1b-logitsprop-dynamic-random-100-init-seq-0	PF00153	3	0.29138849916478254	0.4205232978373812
MSA-1b-logitsprop-dynamic-random-100-init-seq-0	PF00153	2	0.3533562942700712	0.4586789956834442
MSA-1b-logitsprop-dynamic-random-100-init-seq-0	PF00153	6	0.3147092490499338	0.4308588110343677
MSA-1b-logitsprop-dynamic-random-100-init-seq-0	PF00153	5	0.31659071971655245	0.4198558956992692
MSA-1b-logitsprop-dynamic-random-100-init-seq-0	PF00153	1	0.3079989206434608	0.41261683191110277
MSA-1b-logitsprop-dynamic-random-100-init-seq-0	PF00153	9	0.3410195921803623	0.46009802817411605
MSA-1b-logitsprop-dynamic-random-100-init-seq-0	PF00153	7	0.35162894018477076	0.45880454466193205
MSA-1b-logitsprop-dynamic-random-100-init-seq-0	PF00153	10	0.2901928401710261	0.39798009471212537
MSA-1b-logitsprop-dynamic-random-100-init-seq-0	PF00153	4	0.33212564104721964	0.4496155817033283
MSA-1b-logitsprop-static-10-init-seq-0	PF07679	9	0.22186442867229206	0.27868498466142344
MSA-1b-logitsprop-static-10-init-seq-0	PF07679	2	0.30472091825578773	0.3495878673405407
MSA-1b-logitsprop-static-10-init-seq-0	PF07679	10	0.31975434932538516	0.3693473820424739
MSA-1b-logitsprop-static-10-init-seq-0	PF07679	8	0.19556748959808992	0.2492668435213973
MSA-1b-logitsprop-static-10-init-seq-0	PF07679	4	0.19219309786555394	0.25506100232367745
MSA-1b-logitsprop-static-10-init-seq-0	PF07679	7	0.2852446720198058	0.3214476282304314
MSA-1b-logitsprop-static-10-init-seq-0	PF07679	5	0.4628548141182849	0.4760616281919058
MSA-1b-logitsprop-static-10-init-seq-0	PF07679	3	0.2863268632869814	0.3290663775603153
MSA-1b-logitsprop-static-10-init-seq-0	PF07679	6	0.2466674718890982	0.308361944687764
MSA-1b-logitsprop-static-10-init-seq-0	PF07679	1	0.43988249739921176	0.46327349152170905
MSA-1b-logitsprop-static-100-init-seq-0	PF07679	9	0.2503237203593745	0.2853263033287261
MSA-1b-logitsprop-static-100-init-seq-0	PF07679	2	0.30907616124516935	0.3722101064385037
MSA-1b-logitsprop-static-100-init-seq-0	PF07679	10	0.2008616778227409	0.26178080977867496
MSA-1b-logitsprop-static-100-init-seq-0	PF07679	8	0.10374104503889477	0.16351129615301707
MSA-1b-logitsprop-static-100-init-seq-0	PF07679	4	0.23288057121107697	0.29112421556628537
MSA-1b-logitsprop-static-100-init-seq-0	PF07679	7	0.2681047817885597	0.3103796643959267
MSA-1b-logitsprop-static-100-init-seq-0	PF07679	5	0.38562216314141656	0.42129242765118924
MSA-1b-logitsprop-static-100-init-seq-0	PF07679	3	0.29348057529655003	0.33469598372179077
MSA-1b-logitsprop-static-100-init-seq-0	PF07679	6	0.28688208396296294	0.32021647588463564
MSA-1b-logitsprop-static-100-init-seq-0	PF07679	1	0.2501906496591532	0.29566719639163735
MSA-1b-logitsprop-dynamic-random-10-init-seq-0	PF07679	9	0.3517913347109376	0.3966887910647453
MSA-1b-logitsprop-dynamic-random-10-init-seq-0	PF07679	2	0.3062344393620684	0.35241395913807666
MSA-1b-logitsprop-dynamic-random-10-init-seq-0	PF07679	10	0.29872872015974383	0.3525676328299525
MSA-1b-logitsprop-dynamic-random-10-init-seq-0	PF07679	8	0.2397530732553529	0.3030208570899392
MSA-1b-logitsprop-dynamic-random-10-init-seq-0	PF07679	4	0.2392269442902782	0.31092390828001937
MSA-1b-logitsprop-dynamic-random-10-init-seq-0	PF07679	7	0.32026861008381347	0.36692660897879015
MSA-1b-logitsprop-dynamic-random-10-init-seq-0	PF07679	5	0.3461014220386195	0.3699505437965762
MSA-1b-logitsprop-dynamic-random-10-init-seq-0	PF07679	3	0.30748398899142526	0.35759063079856734
MSA-1b-logitsprop-dynamic-random-10-init-seq-0	PF07679	6	0.4337977896834233	0.46815677569453656
MSA-1b-logitsprop-dynamic-random-10-init-seq-0	PF07679	1	0.44586246800572216	0.4840618573638579
MSA-1b-logitsprop-dynamic-random-100-init-seq-0	PF07679	9	0.2503237203593745	0.2853263033287261
MSA-1b-logitsprop-dynamic-random-100-init-seq-0	PF07679	2	0.30907616124516935	0.3722101064385037
MSA-1b-logitsprop-dynamic-random-100-init-seq-0	PF07679	10	0.2008616778227409	0.26178080977867496
MSA-1b-logitsprop-dynamic-random-100-init-seq-0	PF07679	8	0.10374104503889477	0.16351129615301707
MSA-1b-logitsprop-dynamic-random-100-init-seq-0	PF07679	4	0.23288057121107697	0.29112421556628537
MSA-1b-logitsprop-dynamic-random-100-init-seq-0	PF07679	7	0.2681047817885597	0.3103796643959267
MSA-1b-logitsprop-dynamic-random-100-init-seq-0	PF07679	5	0.38562216314141656	0.42129242765118924
MSA-1b-logitsprop-dynamic-random-100-init-seq-0	PF07679	3	0.29348057529655003	0.33469598372179077
MSA-1b-logitsprop-dynamic-random-100-init-seq-0	PF07679	6	0.28688208396296294	0.32021647588463564
MSA-1b-logitsprop-dynamic-random-100-init-seq-0	PF07679	1	0.2501906496591532	0.29566719639163735
MSA-1b-logitsprop-static-10-init-seq-0	PF00076	7	0.28154419386752444	0.3147632209485769
MSA-1b-logitsprop-static-10-init-seq-0	PF00076	5	0.24262753768312836	0.2874176618127656
MSA-1b-logitsprop-static-10-init-seq-0	PF00076	1	0.3083727126431035	0.33947642419270474
MSA-1b-logitsprop-static-10-init-seq-0	PF00076	3	0.19339946630197316	0.22356394610843
MSA-1b-logitsprop-static-10-init-seq-0	PF00076	4	0.29711675964748063	0.34020774238086604
MSA-1b-logitsprop-static-10-init-seq-0	PF00076	2	0.22425889203612875	0.2603279802492422
MSA-1b-logitsprop-static-10-init-seq-0	PF00076	10	0.17432317936330033	0.22689769833345852
MSA-1b-logitsprop-static-10-init-seq-0	PF00076	6	0.2170581348669879	0.25080675026707844
MSA-1b-logitsprop-static-10-init-seq-0	PF00076	9	0.1004510742682071	0.1433632111174527
MSA-1b-logitsprop-static-10-init-seq-0	PF00076	8	0.1886207380217637	0.22260440243772928
MSA-1b-logitsprop-static-100-init-seq-0	PF00076	7	0.24023199648887764	0.2725971986763684
MSA-1b-logitsprop-static-100-init-seq-0	PF00076	5	0.24706090933577274	0.2752194764201403
MSA-1b-logitsprop-static-100-init-seq-0	PF00076	1	0.2308160517604098	0.2510664019146889
MSA-1b-logitsprop-static-100-init-seq-0	PF00076	3	0.16757718533161609	0.20846955394939037
MSA-1b-logitsprop-static-100-init-seq-0	PF00076	4	0.44715978075314466	0.4711976732435452
MSA-1b-logitsprop-static-100-init-seq-0	PF00076	2	0.20185612787001322	0.24831926527843284
MSA-1b-logitsprop-static-100-init-seq-0	PF00076	10	0.307767924153422	0.3323219070792949
MSA-1b-logitsprop-static-100-init-seq-0	PF00076	6	0.22840854966245255	0.2529807282474301
MSA-1b-logitsprop-static-100-init-seq-0	PF00076	9	0.10912710164738765	0.1446561211025447
MSA-1b-logitsprop-static-100-init-seq-0	PF00076	8	0.2795943215483274	0.2998640916875567
MSA-1b-logitsprop-dynamic-random-10-init-seq-0	PF00076	7	0.2020509527049141	0.2629308900763926
MSA-1b-logitsprop-dynamic-random-10-init-seq-0	PF00076	5	0.3798805989770613	0.3981655588774262
MSA-1b-logitsprop-dynamic-random-10-init-seq-0	PF00076	1	0.32109636816515785	0.3550867785472243
MSA-1b-logitsprop-dynamic-random-10-init-seq-0	PF00076	3	0.36417895664022365	0.40104804781970127
MSA-1b-logitsprop-dynamic-random-10-init-seq-0	PF00076	4	0.24944900252702154	0.27767932521906097
MSA-1b-logitsprop-dynamic-random-10-init-seq-0	PF00076	2	0.36647146646197015	0.40171590209014774
MSA-1b-logitsprop-dynamic-random-10-init-seq-0	PF00076	10	0.3450287459990935	0.3771404463983175
MSA-1b-logitsprop-dynamic-random-10-init-seq-0	PF00076	6	0.3956345775912165	0.4327870525102352
MSA-1b-logitsprop-dynamic-random-10-init-seq-0	PF00076	9	0.27499860493569983	0.30146325257448275
MSA-1b-logitsprop-dynamic-random-10-init-seq-0	PF00076	8	0.3631022479722513	0.3962198645922804
MSA-1b-logitsprop-dynamic-random-100-init-seq-0	PF00076	7	0.24023199648887764	0.2725971986763684
MSA-1b-logitsprop-dynamic-random-100-init-seq-0	PF00076	5	0.24706090933577274	0.2752194764201403
MSA-1b-logitsprop-dynamic-random-100-init-seq-0	PF00076	1	0.2308160517604098	0.2510664019146889
MSA-1b-logitsprop-dynamic-random-100-init-seq-0	PF00076	3	0.16757718533161609	0.20846955394939037
MSA-1b-logitsprop-dynamic-random-100-init-seq-0	PF00076	4	0.44715978075314466	0.4711976732435452
MSA-1b-logitsprop-dynamic-random-100-init-seq-0	PF00076	2	0.20185612787001322	0.24831926527843284
MSA-1b-logitsprop-dynamic-random-100-init-seq-0	PF00076	10	0.307767924153422	0.3323219070792949
MSA-1b-logitsprop-dynamic-random-100-init-seq-0	PF00076	6	0.22840854966245255	0.2529807282474301
MSA-1b-logitsprop-dynamic-random-100-init-seq-0	PF00076	9	0.10912710164738765	0.1446561211025447
MSA-1b-logitsprop-dynamic-random-100-init-seq-0	PF00076	8	0.2795943215483274	0.2998640916875567
MSA-1b-logitsprop-static-10-init-seq-0	PF00072	1	0.4010895862783347	0.42100870495846965
MSA-1b-logitsprop-static-10-init-seq-0	PF00072	8	0.3735690701291348	0.4056438238321283
MSA-1b-logitsprop-static-10-init-seq-0	PF00072	9	0.35301213686665167	0.3673480470542117
MSA-1b-logitsprop-static-10-init-seq-0	PF00072	4	0.350376743573966	0.37049737404861394
MSA-1b-logitsprop-static-10-init-seq-0	PF00072	5	0.28282823742934626	0.3106639433373271
MSA-1b-logitsprop-static-10-init-seq-0	PF00072	3	0.405994867690224	0.42334952199193643
MSA-1b-logitsprop-static-10-init-seq-0	PF00072	7	0.2636176637161646	0.2891064241820893
MSA-1b-logitsprop-static-10-init-seq-0	PF00072	2	0.3912942220499026	0.4126456007881851
MSA-1b-logitsprop-static-10-init-seq-0	PF00072	10	0.416430897610954	0.4284418605112129
MSA-1b-logitsprop-static-10-init-seq-0	PF00072	6	0.3825397423999884	0.3996226566077598
MSA-1b-logitsprop-static-100-init-seq-0	PF00072	1	0.24000494290128754	0.2708767523144221
MSA-1b-logitsprop-static-100-init-seq-0	PF00072	8	0.255311829185903	0.28703764202143306
MSA-1b-logitsprop-static-100-init-seq-0	PF00072	9	0.27560062284697734	0.2959044492475936
MSA-1b-logitsprop-static-100-init-seq-0	PF00072	4	0.2705939751007439	0.30518699992924786
MSA-1b-logitsprop-static-100-init-seq-0	PF00072	5	0.2132683967154072	0.23868033652322396
MSA-1b-logitsprop-static-100-init-seq-0	PF00072	3	0.2578535904732228	0.2671627862834811
MSA-1b-logitsprop-static-100-init-seq-0	PF00072	7	0.3108990267295051	0.3392318242100872
MSA-1b-logitsprop-static-100-init-seq-0	PF00072	2	0.21384098437744342	0.24160028043925952
MSA-1b-logitsprop-static-100-init-seq-0	PF00072	10	0.25039738264018335	0.27639895297262435
MSA-1b-logitsprop-static-100-init-seq-0	PF00072	6	0.29554176725342446	0.3154102857389714
MSA-1b-logitsprop-dynamic-random-10-init-seq-0	PF00072	1	0.2797008391469398	0.30969792698377474
MSA-1b-logitsprop-dynamic-random-10-init-seq-0	PF00072	8	0.3333213811038731	0.36142592251935224
MSA-1b-logitsprop-dynamic-random-10-init-seq-0	PF00072	9	0.29631356877556303	0.3231965321130339
MSA-1b-logitsprop-dynamic-random-10-init-seq-0	PF00072	4	0.3525274663616689	0.37481109878706453
MSA-1b-logitsprop-dynamic-random-10-init-seq-0	PF00072	5	0.3324434299504645	0.3599846901512268
MSA-1b-logitsprop-dynamic-random-10-init-seq-0	PF00072	3	0.3079492939756482	0.334842356886179
MSA-1b-logitsprop-dynamic-random-10-init-seq-0	PF00072	7	0.37427296217897776	0.4034745662265872
MSA-1b-logitsprop-dynamic-random-10-init-seq-0	PF00072	2	0.268177803079363	0.29952252208177754
MSA-1b-logitsprop-dynamic-random-10-init-seq-0	PF00072	10	0.2773324058773281	0.31069280044983005
MSA-1b-logitsprop-dynamic-random-10-init-seq-0	PF00072	6	0.30123304318768396	0.3277218232163176
MSA-1b-logitsprop-dynamic-random-100-init-seq-0	PF00072	1	0.24000494290128754	0.2708767523144221
MSA-1b-logitsprop-dynamic-random-100-init-seq-0	PF00072	8	0.255311829185903	0.28703764202143306
MSA-1b-logitsprop-dynamic-random-100-init-seq-0	PF00072	9	0.27560062284697734	0.2959044492475936
MSA-1b-logitsprop-dynamic-random-100-init-seq-0	PF00072	4	0.2705939751007439	0.30518699992924786
MSA-1b-logitsprop-dynamic-random-100-init-seq-0	PF00072	5	0.2132683967154072	0.23868033652322396
MSA-1b-logitsprop-dynamic-random-100-init-seq-0	PF00072	3	0.2578535904732228	0.2671627862834811
MSA-1b-logitsprop-dynamic-random-100-init-seq-0	PF00072	7	0.3108990267295051	0.3392318242100872
MSA-1b-logitsprop-dynamic-random-100-init-seq-0	PF00072	2	0.21384098437744342	0.24160028043925952
MSA-1b-logitsprop-dynamic-random-100-init-seq-0	PF00072	10	0.25039738264018335	0.27639895297262435
MSA-1b-logitsprop-dynamic-random-100-init-seq-0	PF00072	6	0.29554176725342446	0.3154102857389714
MSA-1b-logitsprop-static-10-init-seq-0	PF00096	1	0.08250810610051335	0.11416585894391083
MSA-1b-logitsprop-static-10-init-seq-0	PF00096	7	0.14748186248038633	0.17104613233502694
MSA-1b-logitsprop-static-10-init-seq-0	PF00096	2	0.11449279138410776	0.14074712792098035
MSA-1b-logitsprop-static-10-init-seq-0	PF00096	10	0.07845446996882686	0.09734397162243619
MSA-1b-logitsprop-static-10-init-seq-0	PF00096	3	0.15936129546066455	0.18038101876137733
MSA-1b-logitsprop-static-10-init-seq-0	PF00096	6	0.10162606320970397	0.13724374555989388
MSA-1b-logitsprop-static-10-init-seq-0	PF00096	4	0.14800046167931183	0.18417277544639746
MSA-1b-logitsprop-static-10-init-seq-0	PF00096	9	0.13403463215963957	0.15425855228791308
MSA-1b-logitsprop-static-10-init-seq-0	PF00096	8	0.14957736557473297	0.17062753822264276
MSA-1b-logitsprop-static-10-init-seq-0	PF00096	5	0.0924317094932595	0.11363690914385086
MSA-1b-logitsprop-static-100-init-seq-0	PF00096	1	0.012285069411389626	0.03157676451724242
MSA-1b-logitsprop-static-100-init-seq-0	PF00096	7	0.005730354739491509	0.02722464184902927
MSA-1b-logitsprop-static-100-init-seq-0	PF00096	2	0.06710065287512858	0.0863325639937817
MSA-1b-logitsprop-static-100-init-seq-0	PF00096	10	0.035238122905148835	0.06069472627125651
MSA-1b-logitsprop-static-100-init-seq-0	PF00096	3	0.10311691033121456	0.12339491281391797
MSA-1b-logitsprop-static-100-init-seq-0	PF00096	6	0.15589997943422496	0.17676056156098607
MSA-1b-logitsprop-static-100-init-seq-0	PF00096	4	0.08704550915452505	0.116579088953334
MSA-1b-logitsprop-static-100-init-seq-0	PF00096	9	0.0764405917465586	0.10101467090679704
MSA-1b-logitsprop-static-100-init-seq-0	PF00096	8	0.010641550186790331	0.02172115794901358
MSA-1b-logitsprop-static-100-init-seq-0	PF00096	5	0.09301826916600392	0.10719129591393425
MSA-1b-logitsprop-dynamic-random-10-init-seq-0	PF00096	1	0.16935961021293872	0.19682603771501783
MSA-1b-logitsprop-dynamic-random-10-init-seq-0	PF00096	7	0.14886692801865975	0.17413211265627618
MSA-1b-logitsprop-dynamic-random-10-init-seq-0	PF00096	2	0.21831931964407097	0.23939365775464028
MSA-1b-logitsprop-dynamic-random-10-init-seq-0	PF00096	10	0.15259220644361482	0.18008241255260773
MSA-1b-logitsprop-dynamic-random-10-init-seq-0	PF00096	3	0.08291286831877975	0.10935802904209949
MSA-1b-logitsprop-dynamic-random-10-init-seq-0	PF00096	6	0.20032477003625745	0.2124759433550364
MSA-1b-logitsprop-dynamic-random-10-init-seq-0	PF00096	4	0.1690291144524443	0.18561220843343348
MSA-1b-logitsprop-dynamic-random-10-init-seq-0	PF00096	9	0.159068860679513	0.18472074088483134
MSA-1b-logitsprop-dynamic-random-10-init-seq-0	PF00096	8	0.18233473640989836	0.21953724418360093
MSA-1b-logitsprop-dynamic-random-10-init-seq-0	PF00096	5	0.10178711424253403	0.12190069588214336
MSA-1b-logitsprop-dynamic-random-100-init-seq-0	PF00096	1	0.12025014958514611	0.14307098326288867
MSA-1b-logitsprop-dynamic-random-100-init-seq-0	PF00096	7	0.14290692358949647	0.17069713158230398
MSA-1b-logitsprop-dynamic-random-100-init-seq-0	PF00096	2	0.1644406057060937	0.1881785278374991
MSA-1b-logitsprop-dynamic-random-100-init-seq-0	PF00096	10	0.1080650837717729	0.14309758923707036
MSA-1b-logitsprop-dynamic-random-100-init-seq-0	PF00096	3	0.13336665412299487	0.16297748495315967
MSA-1b-logitsprop-dynamic-random-100-init-seq-0	PF00096	6	0.22465924335733004	0.24519015908109074
MSA-1b-logitsprop-dynamic-random-100-init-seq-0	PF00096	4	0.12434883552339368	0.1523173758029051
MSA-1b-logitsprop-dynamic-random-100-init-seq-0	PF00096	9	0.11418273476851379	0.14700643427313503
MSA-1b-logitsprop-dynamic-random-100-init-seq-0	PF00096	8	0.12287179470248429	0.15845053935217454
MSA-1b-logitsprop-dynamic-random-100-init-seq-0	PF00096	5	0.12520532923278752	0.14392869338529124
MSA-1b-logitsprop-static-10-init-seq-0	PF00512	3	0.16645513808196058	0.2520801377955973
MSA-1b-logitsprop-static-10-init-seq-0	PF00512	9	0.032374857071580915	0.08938310514458113
MSA-1b-logitsprop-static-10-init-seq-0	PF00512	10	0.1965736489304893	0.30188125719002906
MSA-1b-logitsprop-static-10-init-seq-0	PF00512	7	0.28403800937096335	0.3637686272178708
MSA-1b-logitsprop-static-10-init-seq-0	PF00512	4	0.29278439329807754	0.38213687229030224
MSA-1b-logitsprop-static-10-init-seq-0	PF00512	1	0.2034035500643454	0.2810652240164516
MSA-1b-logitsprop-static-10-init-seq-0	PF00512	2	0.2188884834777335	0.31436087024256243
MSA-1b-logitsprop-static-10-init-seq-0	PF00512	6	0.2473048177674073	0.3544256356490422
MSA-1b-logitsprop-static-10-init-seq-0	PF00512	8	0.1948952280336599	0.29289182279057085
MSA-1b-logitsprop-static-10-init-seq-0	PF00512	5	0.23968773088981185	0.32531494672713945
MSA-1b-logitsprop-static-100-init-seq-0	PF00512	3	0.06558157383510212	0.14781217765927318
MSA-1b-logitsprop-static-100-init-seq-0	PF00512	9	0.20925576879923025	0.301999143422745
MSA-1b-logitsprop-static-100-init-seq-0	PF00512	10	0.160410034426237	0.26054440658395267
MSA-1b-logitsprop-static-100-init-seq-0	PF00512	7	0.15674521637958114	0.2523881616788254
MSA-1b-logitsprop-static-100-init-seq-0	PF00512	4	0.23964216813716407	0.32367555047287394
MSA-1b-logitsprop-static-100-init-seq-0	PF00512	1	0.20019968692360354	0.2821923715352047
MSA-1b-logitsprop-static-100-init-seq-0	PF00512	2	0.26174023069810975	0.3476199868500187
MSA-1b-logitsprop-static-100-init-seq-0	PF00512	6	0.1988938156935424	0.29553707222937786
MSA-1b-logitsprop-static-100-init-seq-0	PF00512	8	0.21207255229780397	0.3125671769406939
MSA-1b-logitsprop-static-100-init-seq-0	PF00512	5	0.21886202347175887	0.3002336848918047
MSA-1b-logitsprop-dynamic-random-10-init-seq-0	PF00512	3	0.4157638838405503	0.5113670889540248
MSA-1b-logitsprop-dynamic-random-10-init-seq-0	PF00512	9	0.34207368581245456	0.4275206577141837
MSA-1b-logitsprop-dynamic-random-10-init-seq-0	PF00512	10	0.3505891003550066	0.4304687575039734
MSA-1b-logitsprop-dynamic-random-10-init-seq-0	PF00512	7	0.3902963189148203	0.4797692313823289
MSA-1b-logitsprop-dynamic-random-10-init-seq-0	PF00512	4	0.3920811060655733	0.48744963985528367
MSA-1b-logitsprop-dynamic-random-10-init-seq-0	PF00512	1	0.3944459053846448	0.48785970351099517
MSA-1b-logitsprop-dynamic-random-10-init-seq-0	PF00512	2	0.384470300145907	0.45656786653267495
MSA-1b-logitsprop-dynamic-random-10-init-seq-0	PF00512	6	0.3200686746157453	0.39835843090935474
MSA-1b-logitsprop-dynamic-random-10-init-seq-0	PF00512	8	0.3715656436878527	0.4437041782803773
MSA-1b-logitsprop-dynamic-random-10-init-seq-0	PF00512	5	0.3350244373063226	0.41515677656625705
MSA-1b-logitsprop-dynamic-random-100-init-seq-0	PF00512	3	0.2916793774417573	0.379166193128164
MSA-1b-logitsprop-dynamic-random-100-init-seq-0	PF00512	9	0.2359668889246649	0.34318965355628517
MSA-1b-logitsprop-dynamic-random-100-init-seq-0	PF00512	10	0.2810054770637367	0.37105863895734004
MSA-1b-logitsprop-dynamic-random-100-init-seq-0	PF00512	7	0.2872489003111392	0.3936481184606901
MSA-1b-logitsprop-dynamic-random-100-init-seq-0	PF00512	4	0.2710991958252146	0.35551287604059517
MSA-1b-logitsprop-dynamic-random-100-init-seq-0	PF00512	1	0.29235971048810355	0.39182140671762905
MSA-1b-logitsprop-dynamic-random-100-init-seq-0	PF00512	2	0.2668925490569313	0.37222287840392454
MSA-1b-logitsprop-dynamic-random-100-init-seq-0	PF00512	6	0.30813205421793144	0.4168157697553974
MSA-1b-logitsprop-dynamic-random-100-init-seq-0	PF00512	8	0.27874882877547585	0.3871186750908697
MSA-1b-logitsprop-dynamic-random-100-init-seq-0	PF00512	5	0.35966693193576277	0.4623535122400222
MSA-1b-logitsprop-static-10-init-seq-0	PF00041	2	0.17454969832752024	0.210178580718601
MSA-1b-logitsprop-static-10-init-seq-0	PF00041	10	0.23428039828382805	0.27951012744346304
MSA-1b-logitsprop-static-10-init-seq-0	PF00041	6	0.23324727700148956	0.28355215913718956
MSA-1b-logitsprop-static-10-init-seq-0	PF00041	3	0.2584604485503427	0.2969372208427995
MSA-1b-logitsprop-static-10-init-seq-0	PF00041	9	0.15479328819915467	0.20820351744880683
MSA-1b-logitsprop-static-10-init-seq-0	PF00041	4	0.2699929394215945	0.3190965088172505
MSA-1b-logitsprop-static-10-init-seq-0	PF00041	7	0.20458094930491394	0.2551545745569642
MSA-1b-logitsprop-static-10-init-seq-0	PF00041	1	0.2256966030653574	0.273407215363331
MSA-1b-logitsprop-static-10-init-seq-0	PF00041	5	0.186012130960259	0.2336346119796999
MSA-1b-logitsprop-static-10-init-seq-0	PF00041	8	0.24942291247368004	0.2961333628801951
MSA-1b-logitsprop-static-100-init-seq-0	PF00041	2	0.21097826860864877	0.25665294808734757
MSA-1b-logitsprop-static-100-init-seq-0	PF00041	10	0.22345610528046858	0.26663263194891385
MSA-1b-logitsprop-static-100-init-seq-0	PF00041	6	0.20689526650548407	0.25316865736858357
MSA-1b-logitsprop-static-100-init-seq-0	PF00041	3	0.3024225956679929	0.34626354995329667
MSA-1b-logitsprop-static-100-init-seq-0	PF00041	9	0.21398580211344417	0.2526689606930574
MSA-1b-logitsprop-static-100-init-seq-0	PF00041	4	0.2621909522330732	0.3118543866355208
MSA-1b-logitsprop-static-100-init-seq-0	PF00041	7	0.22398240801823333	0.29013323080699693
MSA-1b-logitsprop-static-100-init-seq-0	PF00041	1	0.19775160329340863	0.25015456026373745
MSA-1b-logitsprop-static-100-init-seq-0	PF00041	5	0.27256786020145773	0.3160499202732564
MSA-1b-logitsprop-static-100-init-seq-0	PF00041	8	0.21748725799927177	0.2648527849362061
MSA-1b-logitsprop-dynamic-random-10-init-seq-0	PF00041	2	0.28790566055517186	0.3423973505291254
MSA-1b-logitsprop-dynamic-random-10-init-seq-0	PF00041	10	0.2774355121575376	0.3230782266049539
MSA-1b-logitsprop-dynamic-random-10-init-seq-0	PF00041	6	0.20960492782097506	0.26460998445307216
MSA-1b-logitsprop-dynamic-random-10-init-seq-0	PF00041	3	0.2417828079208273	0.30899732618607373
MSA-1b-logitsprop-dynamic-random-10-init-seq-0	PF00041	9	0.30104156827264894	0.3492065449892451
MSA-1b-logitsprop-dynamic-random-10-init-seq-0	PF00041	4	0.21580228647138977	0.27350858061171335
MSA-1b-logitsprop-dynamic-random-10-init-seq-0	PF00041	7	0.3183710533715281	0.36941320719428206
MSA-1b-logitsprop-dynamic-random-10-init-seq-0	PF00041	1	0.25300881436604516	0.3062151679730216
MSA-1b-logitsprop-dynamic-random-10-init-seq-0	PF00041	5	0.3158267741192982	0.3623691722768555
MSA-1b-logitsprop-dynamic-random-10-init-seq-0	PF00041	8	0.2689250255549898	0.3267160707954845
MSA-1b-logitsprop-dynamic-random-100-init-seq-0	PF00041	2	0.21097826860864877	0.25665294808734757
MSA-1b-logitsprop-dynamic-random-100-init-seq-0	PF00041	10	0.22345610528046858	0.26663263194891385
MSA-1b-logitsprop-dynamic-random-100-init-seq-0	PF00041	6	0.20689526650548407	0.25316865736858357
MSA-1b-logitsprop-dynamic-random-100-init-seq-0	PF00041	3	0.3024225956679929	0.34626354995329667
MSA-1b-logitsprop-dynamic-random-100-init-seq-0	PF00041	9	0.21398580211344417	0.2526689606930574
MSA-1b-logitsprop-dynamic-random-100-init-seq-0	PF00041	4	0.2621909522330732	0.3118543866355208
MSA-1b-logitsprop-dynamic-random-100-init-seq-0	PF00041	7	0.22398240801823333	0.29013323080699693
MSA-1b-logitsprop-dynamic-random-100-init-seq-0	PF00041	1	0.19775160329340863	0.25015456026373745
MSA-1b-logitsprop-dynamic-random-100-init-seq-0	PF00041	5	0.27256786020145773	0.3160499202732564
MSA-1b-logitsprop-dynamic-random-100-init-seq-0	PF00041	8	0.21748725799927177	0.2648527849362061
MSA-1b-logitsprop-static-10-init-seq-0	PF02518	6	0.18054863268900107	0.25078792090054774
MSA-1b-logitsprop-static-10-init-seq-0	PF02518	7	0.19365901543501732	0.2626066346474081
MSA-1b-logitsprop-static-10-init-seq-0	PF02518	4	0.06716683563131547	0.15988850779370312
MSA-1b-logitsprop-static-10-init-seq-0	PF02518	2	0.11282930885308584	0.18837154412041088
MSA-1b-logitsprop-static-10-init-seq-0	PF02518	10	0.17486439030799364	0.23552863828016665
MSA-1b-logitsprop-static-10-init-seq-0	PF02518	1	0.23335398517834097	0.29387168702449107
MSA-1b-logitsprop-static-10-init-seq-0	PF02518	9	0.0907579322553008	0.18298036752821187
MSA-1b-logitsprop-static-10-init-seq-0	PF02518	3	0.026547199182921664	0.10278274312398637
MSA-1b-logitsprop-static-10-init-seq-0	PF02518	8	0.05322545931375029	0.14698037018071639
MSA-1b-logitsprop-static-10-init-seq-0	PF02518	5	0.24886997927307042	0.31727115003525813
MSA-1b-logitsprop-static-100-init-seq-0	PF02518	6	0.3250444749920512	0.3670879127514111
MSA-1b-logitsprop-static-100-init-seq-0	PF02518	7	0.36344514721069876	0.38979460239602437
MSA-1b-logitsprop-static-100-init-seq-0	PF02518	4	0.279400024106111	0.33932895413210257
MSA-1b-logitsprop-static-100-init-seq-0	PF02518	2	0.2761936646522944	0.33170133141667363
MSA-1b-logitsprop-static-100-init-seq-0	PF02518	10	0.44301413562080133	0.47058389847639237
MSA-1b-logitsprop-static-100-init-seq-0	PF02518	1	0.36685372318688386	0.41089360238873657
MSA-1b-logitsprop-static-100-init-seq-0	PF02518	9	0.3808634797382497	0.4321417044066776
MSA-1b-logitsprop-static-100-init-seq-0	PF02518	3	0.14077185624845315	0.22886963384332382
MSA-1b-logitsprop-static-100-init-seq-0	PF02518	8	0.4407127013670155	0.46603652909741566
MSA-1b-logitsprop-static-100-init-seq-0	PF02518	5	0.4236593852630963	0.44816804601511423
MSA-1b-logitsprop-dynamic-random-10-init-seq-0	PF02518	6	0.5465732233976094	0.5809523277794704
MSA-1b-logitsprop-dynamic-random-10-init-seq-0	PF02518	7	0.5278245575020843	0.5571603508669649
MSA-1b-logitsprop-dynamic-random-10-init-seq-0	PF02518	4	0.5845617073111253	0.6026333200292078
MSA-1b-logitsprop-dynamic-random-10-init-seq-0	PF02518	2	0.519285632124638	0.5601294014059112
MSA-1b-logitsprop-dynamic-random-10-init-seq-0	PF02518	10	0.5487076766601029	0.5811997239659557
MSA-1b-logitsprop-dynamic-random-10-init-seq-0	PF02518	1	0.5680783904599638	0.5877289787821438
MSA-1b-logitsprop-dynamic-random-10-init-seq-0	PF02518	9	0.5619837033480082	0.600604699182606
MSA-1b-logitsprop-dynamic-random-10-init-seq-0	PF02518	3	0.5736384128292581	0.5878448993289491
MSA-1b-logitsprop-dynamic-random-10-init-seq-0	PF02518	8	0.5657522722789112	0.5863564203234303
MSA-1b-logitsprop-dynamic-random-10-init-seq-0	PF02518	5	0.5394792417934465	0.5679345092319341
MSA-1b-logitsprop-dynamic-random-100-init-seq-0	PF02518	6	0.3267394991704588	0.4292404862747736
MSA-1b-logitsprop-dynamic-random-100-init-seq-0	PF02518	7	0.30147779185848356	0.41108093846995014
MSA-1b-logitsprop-dynamic-random-100-init-seq-0	PF02518	4	0.41888603841052124	0.502506855809247
MSA-1b-logitsprop-dynamic-random-100-init-seq-0	PF02518	2	0.3784149235410711	0.45947517163741064
MSA-1b-logitsprop-dynamic-random-100-init-seq-0	PF02518	10	0.4179849825035254	0.49826513390877053
MSA-1b-logitsprop-dynamic-random-100-init-seq-0	PF02518	1	0.3497678734130792	0.4635037405140605
MSA-1b-logitsprop-dynamic-random-100-init-seq-0	PF02518	9	0.4002539549456471	0.48856007899316534
MSA-1b-logitsprop-dynamic-random-100-init-seq-0	PF02518	3	0.260595712015538	0.3754720895296096
MSA-1b-logitsprop-dynamic-random-100-init-seq-0	PF02518	8	0.3124568981717367	0.4207699398626264
MSA-1b-logitsprop-dynamic-random-100-init-seq-0	PF02518	5	0.46475104560373176	0.541342244298285
ESM2-33T-650M-logitsprop	PF00271	2	0.23909984765015155	0.3037192520374162
ESM2-33T-650M-logitsprop	PF00271	4	0.15096346397123875	0.22830846384628878
ESM2-33T-650M-logitsprop	PF00271	7	0.350989026039772	0.41126727354623066
ESM2-33T-650M-logitsprop	PF00271	5	0.29583714485106394	0.3473359139684329
ESM2-33T-650M-logitsprop	PF00271	9	0.34101480244062404	0.389840316864453
ESM2-33T-650M-logitsprop	PF00271	10	0.391745069664573	0.4479608855720515
ESM2-33T-650M-logitsprop	PF00271	1	0.24003352919854268	0.31224591600569873
ESM2-33T-650M-logitsprop	PF00271	6	0.4130803453688568	0.4585204459736884
ESM2-33T-650M-logitsprop	PF00271	3	0.3383682114053709	0.38789581856769234
ESM2-33T-650M-logitsprop	PF00271	8	0.2645190379531754	0.3307342579323533
ESM2-33T-650M-logitsprop	PF00005	5	0.39284248338983074	0.4098552621162389
ESM2-33T-650M-logitsprop	PF00005	4	0.30031192525580436	0.32145584051110854
ESM2-33T-650M-logitsprop	PF00005	9	0.32160101332500185	0.32658830702919867
ESM2-33T-650M-logitsprop	PF00005	3	0.19942913643758386	0.23395660980327426
ESM2-33T-650M-logitsprop	PF00005	1	0.003795951788269896	0.03149170994102515
ESM2-33T-650M-logitsprop	PF00005	7	0.21594148327498536	0.24912053982990232
ESM2-33T-650M-logitsprop	PF00005	6	0.31269577034543716	0.34109488932575294
ESM2-33T-650M-logitsprop	PF00005	8	0.1741565794802101	0.20943301752998017
ESM2-33T-650M-logitsprop	PF00005	2	0.2077334722293499	0.24076849135543188
ESM2-33T-650M-logitsprop	PF00005	10	0.20514555707813703	0.23211455819800617
ESM2-33T-650M-logitsprop	PF00004	2	0.6364288609888815	0.7274486668295059
ESM2-33T-650M-logitsprop	PF00004	5	0.7219437838888689	0.8001186781207359
ESM2-33T-650M-logitsprop	PF00004	9	0.6618281550774971	0.7406620815721118
ESM2-33T-650M-logitsprop	PF00004	8	0.6334931381100605	0.7170057851177162
ESM2-33T-650M-logitsprop	PF00004	1	0.656695668569207	0.732686040320863
ESM2-33T-650M-logitsprop	PF00004	7	0.6640553278850404	0.7437644736801791
ESM2-33T-650M-logitsprop	PF00004	6	0.7060019202200675	0.7763193828359501
ESM2-33T-650M-logitsprop	PF00004	10	0.6876816907028365	0.775656298502994
ESM2-33T-650M-logitsprop	PF00004	4	0.6517579602530433	0.7333818623713955
ESM2-33T-650M-logitsprop	PF00004	3	0.6692418390816096	0.748510858837807
ESM2-33T-650M-logitsprop	PF01535	2	0.1146545031228426	0.1254364590878997
ESM2-33T-650M-logitsprop	PF01535	3	0.19270067237296196	0.2057266195072262
ESM2-33T-650M-logitsprop	PF01535	5	0.14548891013327164	0.16641731798174023
ESM2-33T-650M-logitsprop	PF01535	4	0.13139593858332815	0.15614397031732502
ESM2-33T-650M-logitsprop	PF01535	8	0.15606946904859764	0.16039678574828478
ESM2-33T-650M-logitsprop	PF01535	6	0.18696277903467917	0.20313131121179656
ESM2-33T-650M-logitsprop	PF01535	7	0.15535382133454712	0.16882079615931234
ESM2-33T-650M-logitsprop	PF01535	1	0.10793693243086559	0.12877655871378044
ESM2-33T-650M-logitsprop	PF01535	10	0.2510829524169016	0.28462489650604256
ESM2-33T-650M-logitsprop	PF01535	9	0.07023146928555823	0.08736476039605658
ESM2-33T-650M-logitsprop	PF13354	2	0.6045509160729782	0.7405022165397732
ESM2-33T-650M-logitsprop	PF13354	10	0.6003394363859001	0.7471927411031802
ESM2-33T-650M-logitsprop	PF13354	8	0.651269934247375	0.7693995937801461
ESM2-33T-650M-logitsprop	PF13354	4	0.6701102198379425	0.7820004278624579
ESM2-33T-650M-logitsprop	PF13354	3	0.6311957910567951	0.7583897585337905
ESM2-33T-650M-logitsprop	PF13354	9	0.684627068964881	0.7986690426587146
ESM2-33T-650M-logitsprop	PF13354	7	0.6315710717069656	0.7599450348649018
ESM2-33T-650M-logitsprop	PF13354	5	0.6661912545626065	0.7868654270735191
ESM2-33T-650M-logitsprop	PF13354	6	0.569790818797891	0.7125220542660125
ESM2-33T-650M-logitsprop	PF13354	1	0.6558172077334088	0.7760297371497209
ESM2-33T-650M-logitsprop	PF00595	3	0.44263750584365574	0.619449236846048
ESM2-33T-650M-logitsprop	PF00595	4	0.4489375600915903	0.652710841972561
ESM2-33T-650M-logitsprop	PF00595	9	0.3340989033767882	0.5471393827168146
ESM2-33T-650M-logitsprop	PF00595	10	0.3902557645783466	0.5882346451863439
ESM2-33T-650M-logitsprop	PF00595	2	0.5347484712097526	0.6986534520852948
ESM2-33T-650M-logitsprop	PF00595	5	0.4900970515350652	0.6554697205261598
ESM2-33T-650M-logitsprop	PF00595	1	0.46281960108136955	0.6369692526789545
ESM2-33T-650M-logitsprop	PF00595	8	0.46161965158059426	0.6164558543429384
ESM2-33T-650M-logitsprop	PF00595	7	0.5982257890835696	0.749129073001598
ESM2-33T-650M-logitsprop	PF00595	6	0.5212066194627497	0.680110395886099
ESM2-33T-650M-logitsprop	PF00397	5	0.09167116620601523	0.12328067899102116
ESM2-33T-650M-logitsprop	PF00397	2	0.12088851207393625	0.16867327205521745
ESM2-33T-650M-logitsprop	PF00397	6	0.17745421239441583	0.20918640784307008
ESM2-33T-650M-logitsprop	PF00397	4	0.1817751722481879	0.21401973875135075
ESM2-33T-650M-logitsprop	PF00397	8	0.19207904700125922	0.2184617106517217
ESM2-33T-650M-logitsprop	PF00397	9	0.1312524388695508	0.18715278746962397
ESM2-33T-650M-logitsprop	PF00397	7	0.16456802744359278	0.21103119985686714
ESM2-33T-650M-logitsprop	PF00397	1	0.10398042804289673	0.14191999993408874
ESM2-33T-650M-logitsprop	PF00397	10	0.17869254609444774	0.20533640450411472
ESM2-33T-650M-logitsprop	PF00397	3	0.14605068020730247	0.18571804199434008
ESM2-33T-650M-logitsprop	PF00153	8	0.2784151005260861	0.39246791179565366
ESM2-33T-650M-logitsprop	PF00153	3	0.254267422153561	0.3944632007752243
ESM2-33T-650M-logitsprop	PF00153	2	0.3538729166120284	0.457116751821816
ESM2-33T-650M-logitsprop	PF00153	6	0.3276006375457674	0.44449750141475214
ESM2-33T-650M-logitsprop	PF00153	5	0.30868158955921116	0.4223130982848818
ESM2-33T-650M-logitsprop	PF00153	1	0.33827553524881027	0.44862511860668514
ESM2-33T-650M-logitsprop	PF00153	9	0.3382044556127709	0.4473468003742446
ESM2-33T-650M-logitsprop	PF00153	7	0.3558740748940119	0.464697783593208
ESM2-33T-650M-logitsprop	PF00153	10	0.2909188374713619	0.40093539376642284
ESM2-33T-650M-logitsprop	PF00153	4	0.28041244374951557	0.39749797007267906
ESM2-33T-650M-logitsprop	PF07679	9	0.10145271147497453	0.16050301582582965
ESM2-33T-650M-logitsprop	PF07679	2	0.07227378223044051	0.1295037547432691
ESM2-33T-650M-logitsprop	PF07679	10	0.31591436370357845	0.33956239165984026
ESM2-33T-650M-logitsprop	PF07679	8	0.13993056991641056	0.19523299101822805
ESM2-33T-650M-logitsprop	PF07679	4	0.23827952050327542	0.272187295181557
ESM2-33T-650M-logitsprop	PF07679	7	0.29329132358483734	0.33192908480163136
ESM2-33T-650M-logitsprop	PF07679	5	0.15782543440444752	0.19422908398669875
ESM2-33T-650M-logitsprop	PF07679	3	0.23207556325613027	0.26170498812791076
ESM2-33T-650M-logitsprop	PF07679	6	0.11397007482123428	0.1737433000921913
ESM2-33T-650M-logitsprop	PF07679	1	0.32625427178385924	0.35045965483360264
ESM2-33T-650M-logitsprop	PF00076	7	0.4176533020852752	0.4640227614368237
ESM2-33T-650M-logitsprop	PF00076	5	0.30718316590011024	0.3683580836815127
ESM2-33T-650M-logitsprop	PF00076	1	0.3322928339553589	0.4079068904212444
ESM2-33T-650M-logitsprop	PF00076	3	0.28117905501955354	0.33342500640442474
ESM2-33T-650M-logitsprop	PF00076	4	0.35092575343032006	0.4159301713316089
ESM2-33T-650M-logitsprop	PF00076	2	0.27895470218234264	0.3191612328378255
ESM2-33T-650M-logitsprop	PF00076	10	0.094139580217667	0.13073530671958125
ESM2-33T-650M-logitsprop	PF00076	6	0.387790405783404	0.4406170025470998
ESM2-33T-650M-logitsprop	PF00076	9	0.3633761686392386	0.4046823746581366
ESM2-33T-650M-logitsprop	PF00076	8	0.10391763647225341	0.1635378661165502
ESM2-33T-650M-logitsprop	PF00072	1	0.3052916043302283	0.33430900432495986
ESM2-33T-650M-logitsprop	PF00072	8	0.2968677846642443	0.325760726422689
ESM2-33T-650M-logitsprop	PF00072	9	0.3780707046901657	0.3918041757020363
ESM2-33T-650M-logitsprop	PF00072	4	0.39765755594291435	0.41642204361083945
ESM2-33T-650M-logitsprop	PF00072	5	0.36598745141100886	0.3845730171288858
ESM2-33T-650M-logitsprop	PF00072	3	0.3377223153142642	0.3649643138065384
ESM2-33T-650M-logitsprop	PF00072	7	0.33907065607454984	0.36155017572493425
ESM2-33T-650M-logitsprop	PF00072	2	0.35281536641435013	0.3680693468875688
ESM2-33T-650M-logitsprop	PF00072	10	0.30466443939246235	0.3203948230296426
ESM2-33T-650M-logitsprop	PF00072	6	0.34408207518799117	0.3691906600747098
ESM2-33T-650M-logitsprop	PF00096	1	0.23570833178261555	0.2642538016089176
ESM2-33T-650M-logitsprop	PF00096	7	0.16136157565985565	0.1877891590350439
ESM2-33T-650M-logitsprop	PF00096	2	0.20032613943389005	0.22965140104729032
ESM2-33T-650M-logitsprop	PF00096	10	0.2725635766301947	0.2975640695082791
ESM2-33T-650M-logitsprop	PF00096	3	0.23534555498276954	0.24831423267099312
ESM2-33T-650M-logitsprop	PF00096	6	0.16391845819365386	0.19819165243362274
ESM2-33T-650M-logitsprop	PF00096	4	0.11976814347975398	0.1466918861871461
ESM2-33T-650M-logitsprop	PF00096	9	0.17618433463324207	0.17804231120879788
ESM2-33T-650M-logitsprop	PF00096	8	0.2292993927968572	0.24817464122633714
ESM2-33T-650M-logitsprop	PF00096	5	0.1872058271396283	0.2084503646493892
ESM2-33T-650M-logitsprop	PF00512	3	0.21679348498179654	0.3311370699163416
ESM2-33T-650M-logitsprop	PF00512	9	0.4889777813100504	0.5796729603286646
ESM2-33T-650M-logitsprop	PF00512	10	0.35527687664212804	0.4482854463798429
ESM2-33T-650M-logitsprop	PF00512	7	0.42229853455348587	0.5212092689868818
ESM2-33T-650M-logitsprop	PF00512	4	0.2712395003855935	0.3625579329065464
ESM2-33T-650M-logitsprop	PF00512	1	0.5754630990719951	0.6415762005456684
ESM2-33T-650M-logitsprop	PF00512	2	0.5458650681833295	0.6111732891724134
ESM2-33T-650M-logitsprop	PF00512	6	0.26345205213767614	0.37328449162143373
ESM2-33T-650M-logitsprop	PF00512	8	0.45504974096960377	0.5472312747988545
ESM2-33T-650M-logitsprop	PF00512	5	0.4133682620838391	0.4903708932185506
ESM2-33T-650M-logitsprop	PF00041	2	0.1973085600897082	0.24947142868005637
ESM2-33T-650M-logitsprop	PF00041	10	0.23720014483436003	0.27953871857343204
ESM2-33T-650M-logitsprop	PF00041	6	0.24910214731150937	0.2953136973295083
ESM2-33T-650M-logitsprop	PF00041	3	0.19601517288208392	0.2473189850977327
ESM2-33T-650M-logitsprop	PF00041	9	0.3057497963580067	0.34765475146007824
ESM2-33T-650M-logitsprop	PF00041	4	0.23690070628372503	0.280396327556822
ESM2-33T-650M-logitsprop	PF00041	7	0.2716163577252524	0.31962646051454247
ESM2-33T-650M-logitsprop	PF00041	1	0.20566092697798155	0.2545891639822538
ESM2-33T-650M-logitsprop	PF00041	5	0.1630216035278052	0.21650154330154403
ESM2-33T-650M-logitsprop	PF00041	8	0.21826361040800746	0.2684216993112596
ESM2-33T-650M-logitsprop	PF02518	6	0.3693506828096039	0.42698314293059925
ESM2-33T-650M-logitsprop	PF02518	7	0.22614738647170798	0.31770161593685564
ESM2-33T-650M-logitsprop	PF02518	4	0.2571000766152067	0.3430516359774319
ESM2-33T-650M-logitsprop	PF02518	2	0.2563529109605257	0.33512873325854653
ESM2-33T-650M-logitsprop	PF02518	10	0.31315311186302036	0.3735192019518722
ESM2-33T-650M-logitsprop	PF02518	1	0.42489537448827214	0.46495918541063946
ESM2-33T-650M-logitsprop	PF02518	9	0.3473159454647932	0.43135653339258107
ESM2-33T-650M-logitsprop	PF02518	3	0.3025996871200594	0.3743939670117343
ESM2-33T-650M-logitsprop	PF02518	8	0.326785100841441	0.41212484607405503
ESM2-33T-650M-logitsprop	PF02518	5	0.2948610273615549	0.3760607970997189
ESMC-logitsprop	PF00271	2	0.22661503119440532	0.3027288570284062
ESMC-logitsprop	PF00271	4	0.18834413948389225	0.268821111447381
ESMC-logitsprop	PF00271	7	0.16004924125016626	0.24752337061579263
ESMC-logitsprop	PF00271	5	0.26843755390749113	0.33463211162460327
ESMC-logitsprop	PF00271	9	0.3319972753091064	0.3796478363927511
ESMC-logitsprop	PF00271	10	0.2937599413565047	0.36402159739367146
ESMC-logitsprop	PF00271	1	0.27372592663919115	0.32621245851194897
ESMC-logitsprop	PF00271	6	0.2615280804285916	0.3113756068619829
ESMC-logitsprop	PF00271	3	0.3458679430927506	0.39819327264725785
ESMC-logitsprop	PF00271	8	0.3525867112331947	0.399179854993719
ESMC-logitsprop	PF00005	5	0.20975694264356637	0.23575461797968675
ESMC-logitsprop	PF00005	4	0.27689099557712904	0.2898291927520125
ESMC-logitsprop	PF00005	9	0.3234734350621278	0.3413850497280035
ESMC-logitsprop	PF00005	3	0.12995974649725228	0.1501094052933993
ESMC-logitsprop	PF00005	1	0.418847407576071	0.4209528864357396
ESMC-logitsprop	PF00005	7	0.17951758964360698	0.18732777600317604
ESMC-logitsprop	PF00005	6	0.20676381648106645	0.2123759278742327
ESMC-logitsprop	PF00005	8	0.2555050865964619	0.26026693274241186
ESMC-logitsprop	PF00005	2	0.11416964401713525	0.12756552010159275
ESMC-logitsprop	PF00005	10	0.21023947300229007	0.21345683708384694
ESMC-logitsprop	PF00004	2	0.7307481217660994	0.8179094240053197
ESMC-logitsprop	PF00004	5	0.6963192090582586	0.7940643139276782
ESMC-logitsprop	PF00004	9	0.6971099147882068	0.774665799267047
ESMC-logitsprop	PF00004	8	0.7686162993238127	0.8422645455828963
ESMC-logitsprop	PF00004	1	0.6858134878728191	0.7607999033383275
ESMC-logitsprop	PF00004	7	0.6879160638923636	0.7826540897018054
ESMC-logitsprop	PF00004	6	0.723136045335585	0.7952849911698523
ESMC-logitsprop	PF00004	10	0.6818068801336088	0.7783491762299406
ESMC-logitsprop	PF00004	4	0.7464631940541128	0.8180233022693493
ESMC-logitsprop	PF00004	3	0.69174476522733	0.7794920489200531
ESMC-logitsprop	PF01535	2	0.1896762406728255	0.19814790612983374
ESMC-logitsprop	PF01535	3	0.12913397237906463	0.15723053163251574
ESMC-logitsprop	PF01535	5	0.15626150561494406	0.18219945071597596
ESMC-logitsprop	PF01535	4	0.2667879130056803	0.29141483830585224
ESMC-logitsprop	PF01535	8	0.19754735517787075	0.2245821155943725
ESMC-logitsprop	PF01535	6	0.05059578053579329	0.06580263788164087
ESMC-logitsprop	PF01535	7	0.13212420276844392	0.15436390425089058
ESMC-logitsprop	PF01535	1	0.23216139961265564	0.25303789364317764
ESMC-logitsprop	PF01535	10	0.08908846914316382	0.10598390004630481
ESMC-logitsprop	PF01535	9	0.20711508744342766	0.2213618174937279
ESMC-logitsprop	PF13354	2	0.7365494246616427	0.8324969831510235
ESMC-logitsprop	PF13354	10	0.7347532922931252	0.8186905638876351
ESMC-logitsprop	PF13354	8	0.7251705057745529	0.8171479193930753
ESMC-logitsprop	PF13354	4	0.6173017227685771	0.7472364919025982
ESMC-logitsprop	PF13354	3	0.7287831822882297	0.8259187313001025
ESMC-logitsprop	PF13354	9	0.7462995819527576	0.8323408070867693
ESMC-logitsprop	PF13354	7	0.714809424945565	0.8083127169095348
ESMC-logitsprop	PF13354	5	0.657571569744251	0.7814334655567766
ESMC-logitsprop	PF13354	6	0.6843576332114121	0.8005569509520853
ESMC-logitsprop	PF13354	1	0.7106065489105763	0.8050297460866676
ESMC-logitsprop	PF00595	3	0.4516770567628253	0.6421052175806525
ESMC-logitsprop	PF00595	4	0.6299116996976949	0.7579410635407883
ESMC-logitsprop	PF00595	9	0.5352101901388437	0.7004387839203838
ESMC-logitsprop	PF00595	10	0.42032189220860866	0.6175802592682225
ESMC-logitsprop	PF00595	2	0.6266376412614416	0.7460665463476054
ESMC-logitsprop	PF00595	5	0.6579916881746655	0.7477939559307364
ESMC-logitsprop	PF00595	1	0.4049462760582878	0.6314914197261623
ESMC-logitsprop	PF00595	8	0.49322659428718124	0.6850748125713477
ESMC-logitsprop	PF00595	7	0.5041047271487826	0.6369280541662836
ESMC-logitsprop	PF00595	6	0.40160342724607057	0.6287811113995234
ESMC-logitsprop	PF00397	5	0.08164505377183448	0.12122941701634009
ESMC-logitsprop	PF00397	2	0.10643308833330743	0.14777954150636838
ESMC-logitsprop	PF00397	6	0.16758695700258336	0.2097822950037797
ESMC-logitsprop	PF00397	4	0.18258294492740765	0.2182288105514083
ESMC-logitsprop	PF00397	8	0.11600172768718356	0.17237601368566716
ESMC-logitsprop	PF00397	9	0.11341659392426671	0.16781979676105038
ESMC-logitsprop	PF00397	7	0.17363303429751098	0.21020061502382442
ESMC-logitsprop	PF00397	1	0.1852743903327484	0.21289971434211089
ESMC-logitsprop	PF00397	10	0.19641372507254817	0.23778273000311484
ESMC-logitsprop	PF00397	3	0.11406647855713435	0.1572152137929857
ESMC-logitsprop	PF00153	8	0.2646283045145929	0.3875986457888825
ESMC-logitsprop	PF00153	3	0.2831952198582852	0.4011387861345218
ESMC-logitsprop	PF00153	2	0.29967510252219864	0.4157009886633887
ESMC-logitsprop	PF00153	6	0.37554335290262814	0.48528872780588606
ESMC-logitsprop	PF00153	5	0.3139656444858252	0.4314092521333364
ESMC-logitsprop	PF00153	1	0.30855392900117207	0.41200955494969316
ESMC-logitsprop	PF00153	9	0.351348101681932	0.46064933513882955
ESMC-logitsprop	PF00153	7	0.30515633393438807	0.4347968219523758
ESMC-logitsprop	PF00153	10	0.3420627622341343	0.4413221240174902
ESMC-logitsprop	PF00153	4	0.275042677138268	0.38271976819567277
ESMC-logitsprop	PF07679	9	0.36257167857900097	0.38767892267560206
ESMC-logitsprop	PF07679	2	0.21183165744244178	0.2643805453088965
ESMC-logitsprop	PF07679	10	0.21347044621464628	0.2631681551902016
ESMC-logitsprop	PF07679	8	0.25753924982761733	0.30855988548533975
ESMC-logitsprop	PF07679	4	0.2940044372481993	0.3366661098912384
ESMC-logitsprop	PF07679	7	0.24993909742380868	0.30313425484591505
ESMC-logitsprop	PF07679	5	0.383034569597341	0.40320890446727486
ESMC-logitsprop	PF07679	3	0.3487670967663419	0.38792075272269083
ESMC-logitsprop	PF07679	6	0.40803924085552923	0.4441731332445187
ESMC-logitsprop	PF07679	1	0.3746743516465648	0.39953678632938516
ESMC-logitsprop	PF00076	7	0.4094972300798163	0.44518219329281816
ESMC-logitsprop	PF00076	5	0.21861192341168334	0.301025789296411
ESMC-logitsprop	PF00076	1	0.2454299042079957	0.274921582968686
ESMC-logitsprop	PF00076	3	0.24019678119580445	0.29968457738443577
ESMC-logitsprop	PF00076	4	0.4626763683930314	0.5024621465653376
ESMC-logitsprop	PF00076	2	0.29924800353794845	0.3437311792637531
ESMC-logitsprop	PF00076	10	0.3523504051588212	0.4043114536350704
ESMC-logitsprop	PF00076	6	0.20954920823731424	0.28482499004168693
ESMC-logitsprop	PF00076	9	0.4513743537521847	0.48469390804129764
ESMC-logitsprop	PF00076	8	0.2614622652442873	0.31578263709945426
ESMC-logitsprop	PF00072	1	0.39853299125175706	0.4190292602671727
ESMC-logitsprop	PF00072	8	0.3535992858517737	0.36816112261096734
ESMC-logitsprop	PF00072	9	0.2513893411385618	0.2761918423463506
ESMC-logitsprop	PF00072	4	0.23260987353190266	0.2643827034581393
ESMC-logitsprop	PF00072	5	0.32704093466616535	0.3547358508675301
ESMC-logitsprop	PF00072	3	0.40407108424983607	0.4199138604173766
ESMC-logitsprop	PF00072	7	0.32612214828891867	0.34869501388689766
ESMC-logitsprop	PF00072	2	0.37637703524782107	0.3786396225069255
ESMC-logitsprop	PF00072	10	0.28362151320659895	0.2981411855093121
ESMC-logitsprop	PF00072	6	0.4552206912912092	0.4776188803139626
ESMC-logitsprop	PF00096	1	0.17980813948110097	0.18811619903483395
ESMC-logitsprop	PF00096	7	0.1681098102292764	0.18837784539504787
ESMC-logitsprop	PF00096	2	0.21050089410919892	0.22340348504122887
ESMC-logitsprop	PF00096	10	0.06515925515514946	0.08693985053922021
ESMC-logitsprop	PF00096	3	0.2084653772376424	0.2165443455032664
ESMC-logitsprop	PF00096	6	0.13137738239502073	0.14759400376747628
ESMC-logitsprop	PF00096	4	0.24736605427961156	0.2698329601370487
ESMC-logitsprop	PF00096	9	0.09000284972632447	0.1235392906632051
ESMC-logitsprop	PF00096	8	0.18636331230100045	0.20690276622011577
ESMC-logitsprop	PF00096	5	0.21789207585313003	0.23436245240385567
ESMC-logitsprop	PF00512	3	0.3397180792985296	0.43060812618715383
ESMC-logitsprop	PF00512	9	0.4155991110365724	0.49077317292931205
ESMC-logitsprop	PF00512	10	0.3429120031220546	0.4203719406918808
ESMC-logitsprop	PF00512	7	0.2606941346454543	0.35866809304430086
ESMC-logitsprop	PF00512	4	0.37122654776552255	0.4648144908288592
ESMC-logitsprop	PF00512	1	0.40516894825473526	0.47890179229621804
ESMC-logitsprop	PF00512	2	0.2523024306358101	0.35800754336220975
ESMC-logitsprop	PF00512	6	0.3295432707185473	0.41526856186855465
ESMC-logitsprop	PF00512	8	0.38362744518942693	0.4620413039473053
ESMC-logitsprop	PF00512	5	0.4212233412698375	0.5095425303000783
ESMC-logitsprop	PF00041	2	0.20646883408102912	0.2564667731478031
ESMC-logitsprop	PF00041	10	0.22929435892721228	0.2752875775877559
ESMC-logitsprop	PF00041	6	0.22812381971816048	0.2813703432099785
ESMC-logitsprop	PF00041	3	0.32619735972406627	0.3735609444952185
ESMC-logitsprop	PF00041	9	0.25262484421504494	0.28876045015605434
ESMC-logitsprop	PF00041	4	0.20028670189606346	0.259820910182043
ESMC-logitsprop	PF00041	7	0.26746029013376676	0.3108725852058998
ESMC-logitsprop	PF00041	1	0.2081404641910336	0.26611122905565937
ESMC-logitsprop	PF00041	5	0.27292374302001227	0.3038345296176608
ESMC-logitsprop	PF00041	8	0.28945683486682033	0.3375628571952036
ESMC-logitsprop	PF02518	6	0.3561989719885504	0.41670152042098635
ESMC-logitsprop	PF02518	7	0.36352996052514713	0.43503460582878156
ESMC-logitsprop	PF02518	4	0.2553391591830374	0.33955880214437917
ESMC-logitsprop	PF02518	2	0.31500886358005153	0.3951432396695144
ESMC-logitsprop	PF02518	10	0.40588207487954914	0.4456250836010818
ESMC-logitsprop	PF02518	1	0.0703018777934147	0.18670445141552647
ESMC-logitsprop	PF02518	9	0.25407811131368274	0.3446330636347645
ESMC-logitsprop	PF02518	3	0.2770237121008419	0.38580851190485116
ESMC-logitsprop	PF02518	8	0.277148728138002	0.37517764058358544
ESMC-logitsprop	PF02518	5	0.3214505706910037	0.42290128923582676
Potts	PF00271	2	0.28441009180807597	0.3429691419134428
Potts	PF00271	4	0.3762918130261955	0.4317595652896319
Potts	PF00271	7	0.4358643900302869	0.49094368526365306
Potts	PF00271	5	0.43106056935328274	0.48708457237913305
Potts	PF00271	9	0.3730033245321313	0.42231988481999816
Potts	PF00271	10	0.3238794525444051	0.38299590142449974
Potts	PF00271	1	0.3418768900230898	0.40996470791593664
Potts	PF00271	6	0.40280255869118803	0.458539675028631
Potts	PF00271	3	0.4891004839847064	0.5407865454791335
Potts	PF00271	8	0.30474692815954557	0.36963049327014025
Potts	PF00005	5	0.28624562027187317	0.30753883958843753
Potts	PF00005	4	0.3881462401135784	0.39443917518555655
Potts	PF00005	9	0.35820120775155745	0.37212466091508606
Potts	PF00005	3	0.24656962165825533	0.27025145766975534
Potts	PF00005	1	0.29616436154732323	0.3154353743386787
Potts	PF00005	7	0.3572870533345121	0.37497452168436934
Potts	PF00005	6	0.21007296785150054	0.23359810402544512
Potts	PF00005	8	0.32437488787924634	0.33892619296421034
Potts	PF00005	2	0.3502535088747092	0.3564545013300776
Potts	PF00005	10	0.21379125650009856	0.2292962741135339
Potts	PF00004	2	0.6895309823608098	0.7344289031977512
Potts	PF00004	5	0.7204459665634186	0.7647374941917853
Potts	PF00004	9	0.7423322063097272	0.7854280424977573
Potts	PF00004	8	0.6568435745211987	0.712963659636543
Potts	PF00004	1	0.6816100309925646	0.743845100618358
Potts	PF00004	7	0.6947174282301725	0.7514858382452811
Potts	PF00004	6	0.6636655112681417	0.7145320824128023
Potts	PF00004	10	0.6599393911133931	0.7240372005333433
Potts	PF00004	4	0.6669454270903643	0.7101834326418297
Potts	PF00004	3	0.7073310609723041	0.7554428559702676
Potts	PF01535	2	0.15859032178558302	0.18474977500356618
Potts	PF01535	3	0.192270083729315	0.20895690440825382
Potts	PF01535	5	0.16241480552120174	0.1809503190962272
Potts	PF01535	4	0.20045714039952997	0.22178734789483873
Potts	PF01535	8	0.1604016101457096	0.17970284085268978
Potts	PF01535	6	0.1625889895558148	0.19705231671510978
Potts	PF01535	7	0.1944587344563558	0.21693875588414382
Potts	PF01535	1	0.18792997172750137	0.20818594680495145
Potts	PF01535	10	0.18146351329614974	0.2062530280321414
Potts	PF01535	9	0.20261427931097625	0.21893301248663338
Potts	PF00595	3	0.5230655259330834	0.5894060896874391
Potts	PF00595	4	0.5214490370823724	0.5980595193993249
Potts	PF00595	9	0.47774273344049006	0.5696892439765218
Potts	PF00595	10	0.5132967379963576	0.5961589759949579
Potts	PF00595	2	0.5469049962000474	0.61561158282307
Potts	PF00595	5	0.46885786968260984	0.586048798416386
Potts	PF00595	1	0.5664843764211868	0.6196175594686277
Potts	PF00595	8	0.5061352832455761	0.5830166660734538
Potts	PF00595	7	0.44118169471942836	0.5550426354024283
Potts	PF00595	6	0.45041007223883606	0.5147029245747221
Potts	PF00397	5	0.19773830224760888	0.23559314528272846
Potts	PF00397	2	0.19621919329977575	0.23983748106914232
Potts	PF00397	6	0.23332186980229666	0.2681976180221598
Potts	PF00397	4	0.20533371576563672	0.2433304411200245
Potts	PF00397	8	0.16489186687012758	0.20423402864923298
Potts	PF00397	9	0.26020658747187975	0.3072956320842023
Potts	PF00397	7	0.19434017085385333	0.23344517823158417
Potts	PF00397	1	0.22879792005932267	0.2675874965460432
Potts	PF00397	10	0.2412594896401305	0.2772881923246211
Potts	PF00397	3	0.18932461863883498	0.2327760814240975
Potts	PF07679	9	0.4117025059004803	0.4347998868547021
Potts	PF07679	2	0.3137447785723523	0.3532870431092412
Potts	PF07679	10	0.37116785789974505	0.3976746579783267
Potts	PF07679	8	0.46606929402045816	0.4725407203235722
Potts	PF07679	4	0.3437410384033187	0.3738400136588561
Potts	PF07679	7	0.40066663752050874	0.42293926895115774
Potts	PF07679	5	0.41040259166797455	0.4494461105882288
Potts	PF07679	3	0.37478023449291786	0.4111513001782547
Potts	PF07679	6	0.4367690459655792	0.4713528186041799
Potts	PF07679	1	0.3957026658271833	0.4270008415183952
Potts	PF00072	1	0.4816317633635332	0.5042650161514063
Potts	PF00072	8	0.427162473935205	0.45174875282111693
Potts	PF00072	9	0.4218456266348563	0.4388876053508505
Potts	PF00072	4	0.3371243426792734	0.36493090286772084
Potts	PF00072	5	0.30633437913262174	0.3260267368623176
Potts	PF00072	3	0.3613503862862859	0.3919214747121687
Potts	PF00072	7	0.3392265847536206	0.3563753206823255
Potts	PF00072	2	0.3775904407935331	0.4026967441744622
Potts	PF00072	10	0.42834602402150385	0.4536483162936484
Potts	PF00072	6	0.3715825997392459	0.3927660774335142
Potts	PF00096	1	0.14137766692991954	0.1642959076493111
Potts	PF00096	7	0.1426867781227954	0.15744991965534053
Potts	PF00096	2	0.17314148582546984	0.19216445123929435
Potts	PF00096	10	0.10752326144202129	0.13266851403589108
Potts	PF00096	3	0.1426294092150125	0.15675510379883148
Potts	PF00096	6	0.17554600680520507	0.1866968037512186
Potts	PF00096	4	0.10360907168760204	0.1254234994302936
Potts	PF00096	9	0.12158669012250986	0.1488684733622777
Potts	PF00096	8	0.12895442866155205	0.15038566776707055
Potts	PF00096	5	0.13183133962280225	0.14889704895842315
Potts	PF00041	2	0.23086507283410612	0.2788409239481388
Potts	PF00041	10	0.312462043214647	0.35832962995625084
Potts	PF00041	6	0.23222381325094288	0.28324061638397785
Potts	PF00041	3	0.3103832828091154	0.35270168307290595
Potts	PF00041	9	0.30395249722071377	0.3462032478842342
Potts	PF00041	4	0.2873634118586576	0.33291912031566817
Potts	PF00041	7	0.2985245098802505	0.3445589567988083
Potts	PF00041	1	0.22961760909261142	0.2780977231689159
Potts	PF00041	5	0.2524978500452295	0.29825370865816114
Potts	PF00041	8	0.38231197272351397	0.4241039178493714
nat	PF00271	4	0.469975992257382	0.5084283425895867
nat	PF00005	4	0.08799952547977122	0.09323432686224618
nat	PF00004	4	0.4827981177639956	0.5240076027054831
nat	PF01535	4	0.007279141621107599	0.015828790486456832
nat	PF13354	4	-0.0006076160649769432	0.03285458683201887
nat	PF00595	4	0.41904163679086476	0.47004293422561394
nat	PF00397	4	0.1392204601678482	0.17417078821922458
nat	PF00153	4	0.16970345310194912	0.21489113922411954
nat	PF07679	4	-0.023152362683795055	0.025885044130238496
nat	PF00076	4	0.08773808147802553	0.104572177670428
nat	PF00072	4	0.22341104816287372	0.24973760876647094
nat	PF00096	4	0.009770363901311299	0.021227120847071422
nat	PF00512	4	0.14750766994025252	0.16919242617210198
nat	PF00041	4	0.13158358654652533	0.15592773728658482
nat	PF02518	4	-0.04762489476703522	0.05264505101852754
